-------------material_resource-------------------
INSERT INTO material_resource (ins_time,"name",upd_time,code,short_name,full_name,is_generic,short_name_for_shift_report,source_transport_code,source_axapta_code,source_up_agp_code,source_lab_code,source_lifnr_code,inside_lode_code) VALUES
('2022-01-19 16:59:40.448','Оксид железа',NULL,'OKSID_ZHEL_CH_X','Оксид железа','Оксид железа ЦХПП, ЦДС',false,'Оксид','41',NULL,'69','Оксид железа',NULL,'41'),
('2022-01-19 16:59:40.448','Скрап стальной фр. 0-10 мм',NULL,'CPMSH_SKRST0_10','Скрап стальной','Скрап стальной фр. 0-10 мм ЦПМШ',false,'Скрап','58',NULL,'24','СКРАП СТАЛЬНОЙ',NULL,'151'),
('2022-01-19 16:59:40.448','Скрап стальной 25А2 фр. 0-10мм',NULL,'000000000000567947','Скрап стальной','Скрап стальной',false,'Скрап','151',NULL,'26','СКРАП СТАЛЬНОЙ',NULL,'151'),
('2022-01-19 16:59:40.448','Концентрат железорудный',NULL,'000000000000678997','Концентрат железорудный','Концентрат железорудный ОАО "ЛЕБЕДИНСКИЙ ГОК"',false,'К-т ЛебГОК','240',NULL,'304','Концентрат железорудный агломерационный',NULL,'240'),
('2022-01-19 16:59:40.448','Концентрат железорудный',NULL,'000000000000717007','Концентрат железорудный','Концентрат железорудный КОВДОРСКИЙ ГОК',false,'К-т КовГОК','240',NULL,'305','Концентрат железорудный агломерационный',NULL,'240'),
('2022-01-19 16:59:40.448','Концентрат железорудный',NULL,'000000000000836221','Концентрат железорудный','Концентрат железорудный ОАО "МИХАЙЛОВСКИЙ ГОК"',false,'К-т МихГОК','240',NULL,'303','Концентрат железорудный агломерационный',NULL,'240'),
('2022-01-19 16:59:40.448','Концентрат железорудный',NULL,'OGP_040','Концентрат железорудный','Концентрат железорудный ОАО "СТОЙЛЕНСКИЙ ГОК"',false,'К-т СГОК','141092',NULL,'32','Концентрат железорудный агломерационный',NULL,'240'),
('2022-01-19 16:59:40.448','Руда марганцевая сорт 1 фр. 0-1мм',NULL,'000000000000628179','Руда марганцевая фр. 0-1 мм','Руда марганцевая 0-1мм Украина ООО "Энергомашкомплект"',false,'Руда Марг.','142061',NULL,'22','РУДА МАРГАНЦЕВАЯ',NULL,'166'),
('2022-01-19 16:59:40.448','Руда марганцевая сорт 1 фр. 1-10мм',NULL,'000000000000635654','Руда марганцевая фр. 0-10 мм','Руда марганцевая 1-10мм Украина ООО "Энергомашкомплект"',false,'Руда Марг.','142061',NULL,'22','РУДА МАРГАНЦЕВАЯ',NULL,'166'),
('2022-01-19 16:59:40.448','Руда марганцевая сорт 1 фр. 0-8мм',NULL,'000000000000554571','Руда марганцевая','Руда марганцевая 0-8мм ООО "Логистический сервис"',false,'Руда Марг.','142061',NULL,'22','РУДА МАРГАНЦЕВАЯ',NULL,'166');
INSERT INTO material_resource (ins_time,"name",upd_time,code,short_name,full_name,is_generic,short_name_for_shift_report,source_transport_code,source_axapta_code,source_up_agp_code,source_lab_code,source_lifnr_code,inside_lode_code) VALUES
('2022-01-19 16:59:40.448','Руда марганцевая сорт 1 фр. 0-10мм',NULL,'000000000000628178','Руда марганцевая','Руда марганцевая 1 0-10мм ТОО "АРМАН 100"',false,'Руда Марг.','142061',NULL,'22','РУДА МАРГАНЦЕВАЯ',NULL,'166'),
('2022-01-19 16:59:40.448','Концентрат марганцевой руды',NULL,'000000000000754833','Концентрат марганцевой руды','Концентрат марганцевой руды',false,'Руда Марг.','142038',NULL,'22','РУДА МАРГАНЦЕВАЯ',NULL,'166'),
('2022-01-19 16:59:40.448','Руда марганцевая сорт 2С ММ-2-1 фр. 0-10мм',NULL,'000000000000663695','Руда марганцевая','Руда марганцевая АО ЖАЙРЕМСКИЙ ГОК ЖОМАТ',false,'Руда Марг.','142061',NULL,'22','РУДА МАРГАНЦЕВАЯ',NULL,'166'),
('2022-01-19 16:59:40.448','Пыль колошниковая',NULL,'PYL_KOLOSH_X','Пыль колошниковая','Пыль колошниковая ДЦ-1,2',false,'Кол. пыль','45',NULL,'43','ПЫЛЬ КОЛОШНИКОВАЯ',NULL,'45'),
('2022-01-19 16:59:40.448','Шлам прудов шламонакопителя (КОШ)',NULL,'CPMSH_SHLAM_KOSH','Шлам прудов шламонакопителя (КОШ)','Шлам прудов шламонакопителя (КОШ) ЦПМШ',false,'Шлам КОШ','258',NULL,'185','Шлам прудов шламонак.(КОШ)',NULL,'258'),
('2022-01-19 16:59:40.448','Шлам шламонакопителей (карты)',NULL,'SHLAM_SHLAMONAK_X','Шлам шламонакопителей (карты)','Шлам шламонакопителей (карты) ЦПМШ',false,'Шлам Карта','257',NULL,'184','Шлам шламонакопителей(карта)',NULL,'257'),
('2022-01-19 16:59:40.448','Шлам отвальный',NULL,'AGP_SHLAM_OTVAL','Шлам отвальный','Шлам отвальный АГЦ',false,'Шлам отв.','256',NULL,'187','Шлам отвальный',NULL,'256'),
('2022-01-19 16:59:40.448','Пыль аспирационная ш/п',NULL,'PYL_ASPIR_HP','Пыль аспирационная ш/п','Пыль аспирационная ш/п ДЦ-2',false,'Асп. пыль','46',NULL,'42','ПЫЛЬ АСПИРАЦИОННАЯ',NULL,'46'),
('2022-01-19 16:59:40.448','Руда железная агломерационная',NULL,'000000000000676168','Руда железная','Руда железная ООО "Металл-групп"',false,'Руда М.групп',NULL,NULL,'19','Руда железная агломерационная',NULL,'132'),
('2022-01-19 16:59:40.448','Руда железная агломерационная',NULL,'OGP_030','Руда железная','Руда железная ОАО "СТОЙЛЕНСКИЙ ГОК"',false,'Руда СГОК','141139',NULL,'19','Руда железная агломерационная',NULL,'132');
INSERT INTO material_resource (ins_time,"name",upd_time,code,short_name,full_name,is_generic,short_name_for_shift_report,source_transport_code,source_axapta_code,source_up_agp_code,source_lab_code,source_lifnr_code,inside_lode_code) VALUES
('2022-01-19 16:59:40.448','Агломерат высокоосновный',NULL,'AGL_OSN','Агломерат высокоосновный','Агломерат высокоосновный АГЦ',false,'',NULL,NULL,'87','Высокосновный агломерат',NULL,'77'),
('2022-01-19 16:59:40.448','Агломерат промывочный',NULL,'AGP_AGL_PR','Агломерат промывочный','Агломерат промывочный АГЦ',false,'','2',NULL,'10','АГЛОМЕРАТ ПРОМЫВОЧНЫЙ',NULL,'2'),
('2022-01-19 16:59:40.448','Агломерат доменный',NULL,'AGP_AGL_OFL','Агломерат','Агломерат офлюсованный доломитизированный АГЦ',false,'','1',NULL,'9','АГЛОМЕРАТ ОФЛЮСОВАННЫЙ',NULL,'1'),
('2022-01-19 16:59:40.448','Отсев агломерата',NULL,'DP_OTS_AGLM_X','Отсев агломерата','Отсев агломерата ДЦ-1,2',false,'Отс. агл-та','33',NULL,'88','ОТСЕВ АГЛОМЕРАТА ДЦ-1',NULL,'33'),
('2022-01-19 16:59:40.448','Окалина 27А',NULL,'000000000000627776','Окалина 27А','Окалина 27А',false,'Окал. Р.','316092',NULL,'68','Окалина',NULL,'39'),
('2022-01-19 16:59:40.448','Окалина',NULL,'CPMSH_OKALIN_X','Окалина','Окалина ЦПМШ',false,'Окал.','261',NULL,'68','Окалина',NULL,'261'),
('2022-01-19 16:59:40.448','Окалина железная',NULL,'OKALINA_ZHEL_X','Окалина железная','Окалина железная ЦГП',false,'Окал.','259',NULL,'68','Окалина',NULL,'259'),
('2022-01-19 16:59:40.448','Окалина крупной фракции',NULL,'OKAL_KR_FR','Окалина УНРС КЦ-1,2 (кр. фр.)','Окалина УНРС КЦ-1,2 (кр. фр.) ЦПМШ',false,'Окал.','260',NULL,'98','Окалина крупная УНРС КЦ-1,2',NULL,'260'),
('2022-01-19 16:59:40.448','Окалина мелкая известкованная',NULL,'AGP_OKAL_MEL_IZV_X1','Окалина известкованная замасл.','Окалина известкованная замасл. ЦПМШ стан 2000',false,'','264',NULL,'186','Окалина замасленная, известкованная УНРС КЦ-1,2',NULL,'264'),
('2022-01-19 16:59:40.448','Отсев окатышей',NULL,'DP_OTS_OKAT_X','Отсев окатышей','Отсев окатышей ДЦ-2',false,'Отс. окат.','33',NULL,'88','ОТСЕВ АГЛОМЕРАТА ДЦ-1',NULL,'33');
INSERT INTO material_resource (ins_time,"name",upd_time,code,short_name,full_name,is_generic,short_name_for_shift_report,source_transport_code,source_axapta_code,source_up_agp_code,source_lab_code,source_lifnr_code,inside_lode_code) VALUES
('2022-01-19 16:59:40.448','Отсев брикетов',NULL,'DP_OTS_BRIK_X','Отсев брикетов','Отсев брикетов ЦИБ',false,'Отс. брик.','286',NULL,'302','Отсев брикетов ЦИБ',NULL,'286'),
('2022-01-19 16:59:40.448','Известь С-1 0-20',NULL,'000000000000579311','Известь С-1 0-20','Известь С-1 0-20 ЗАО "КЛИНЦОВСКИЙ СИЛИКАТНЫЙ ЗАВОД"',false,'Из-ть','15',NULL,'62','Известь',NULL,'15'),
('2022-01-19 16:59:40.448','Камень извест.технологический С-1 фр. 20-60мм',NULL,'000000000000060260','Камень извест.технол. С-1 20-60','Камень извест.технол. С-1 20-60 ПАО "НЛМК"',false,'Изв-к','236',NULL,'63','Камень известняковый технологический',NULL,'236'),
('2022-01-19 16:59:40.448','Камень извест.технологический Ч-1 фр. 8-25мм',NULL,'000000000000060262','Камень извест.технол. Ч-1 фр. 8-25мм','Камень извест.технол.  Ч-1 8-25 ПАО "НЛМК"',false,'Изв-к','236',NULL,'63','Камень известняковый технологический',NULL,'236'),
('2022-01-19 16:59:40.448','Известь С-1 0-20',NULL,'000000000000587182','Известь С-1','Известь С-1 ЗАО ЕЛЕЦКИЙ ИЗВЕСТКОВЫЙ ЗАВОД',false,'Из-ть','15',NULL,'62','Известь',NULL,'15'),
('2022-01-19 16:59:40.448','Известь ОГЦ',NULL,'OGP_IZVEST','Известь','Известь ОГЦ',false,'Из-ть','15',NULL,'62','Известь',NULL,'15'),
('2022-01-19 16:59:40.448','Известь С-1 0-20',NULL,'000000000000581379','Известь С-1','Известь С-1 ОАО"ЭЛЬДАКО"',false,'Из-ть','15',NULL,'62','Известь',NULL,'15'),
('2022-01-19 16:59:40.448','Известняк марганцовистый фр. 0-6',NULL,'000000000000620464','Известняк марганцовистый 0-6','Известняк марганцовистый 0-6 ООО БАШМИНЕРАЛРЕСУРС',false,'Из-к Марг.','291035',NULL,'183','Марганцовистый известняк',NULL,'255'),
('2022-01-19 16:59:40.448','Отсев доломита',NULL,'OGP_OTS_DOL_X','Отсев доломита','Отсев доломита ОГЦ',false,'Отс. дол-та','239',NULL,'70','Отсев доломита',NULL,'239'),
('2022-01-19 16:59:40.448','Отсев известняка',NULL,'OGP_OTS_IZVESTN_X','Отсев известняка','Отсев известняка ОГЦ',false,'Отс. изв-ка','35',NULL,'71','Отсев известняка',NULL,'35');
INSERT INTO material_resource (ins_time,"name",upd_time,code,short_name,full_name,is_generic,short_name_for_shift_report,source_transport_code,source_axapta_code,source_up_agp_code,source_lab_code,source_lifnr_code,inside_lode_code) VALUES
('2022-01-19 16:59:40.448','Отсев извести',NULL,'KC_OTS_IZVЕST','Отсев извести','Отсев извести КЦ-2',false,'Отс. из-ти','208',NULL,'92','Отсев извести',NULL,'208'),
('2022-01-19 16:59:40.448','Доломит ДФ-10  фр. 10-60',NULL,'000000000000793600','Доломит фр. 10-60 мм','Доломит фр. 10-60 мм ОАО Доломит',false,'Дол-т','12',NULL,'60','Доломит сырой',NULL,'12'),
('2022-01-19 16:59:40.448','Доломит ДФ-10 фр. 10-90 мм',NULL,'000000000000687513','Доломит фр. 10-90 мм','Доломит фр. 10-90 мм ОАО Доломит',false,'Дол-т','12',NULL,'60','Доломит сырой',NULL,'12'),
('2022-01-19 16:59:40.448','Доломит ДФ-10 фр. 5-60 мм',NULL,'000000000000818583','Доломит фр. 5-60 мм','Доломит фр. 5-60 мм ОАО Доломит',false,'Дол-т','12',NULL,'60','Доломит сырой',NULL,'12'),
('2022-01-19 16:59:40.448','Доломит данковский ДФ-20 фр. 20-90мм',NULL,'000000000000056097','Доломит ДФ-20','Доломит ДФ-20 ОАО Доломит',false,'Дол-т','12',NULL,'60','Доломит сырой',NULL,'12'),
('2022-01-19 16:59:40.448','Доломит данковский ДО-20',NULL,'000000000000562476','Доломит ДО-20','Доломит ДО-20 ОАО Доломит',false,'Дол-т','12',NULL,'60','Доломит сырой',NULL,'12'),
('2022-01-19 16:59:40.448','Доломит обожжённый',NULL,'OGP_DOL_OBOZH','Доломит обожжённый','Доломит обожжённый ОГЦ',false,'Д-т. обож.','238',NULL,'116','Обожженный доломит',NULL,'238'),
('2022-01-19 16:59:40.448','Щебень для агломерации фр.0-10 мм',NULL,'SHB_ST_AGL_0_10','Щебень','Щебень ЦПМШ',false,'Щебень','72',NULL,'81','Щебень',NULL,'72'),
('2022-01-19 16:59:40.448','Фракция кокса более 15 мм (ФК-2)',NULL,'AGP_FR_KOKS_15_B','Фракция кокса ФК-2 (>15 мм)','Фракция кокса ФК-2 (>15 мм) АГЦ',false,'','217',NULL,'108','Фракция кокса > 15 мм (ФК-2)',NULL,'217'),
('2022-01-19 16:59:40.448','Фракция кокса более 20 мм (ФК-3)',NULL,'AGP_FR_KOKS_20_B','Фракция кокса ФК-3 (>20 мм)','Фракция кокса ФК-3 (>20 мм) АГЦ',false,'','218',NULL,'109','Фракция кокса > 20 мм (ФК-3)',NULL,'218');
INSERT INTO material_resource (ins_time,"name",upd_time,code,short_name,full_name,is_generic,short_name_for_shift_report,source_transport_code,source_axapta_code,source_up_agp_code,source_lab_code,source_lifnr_code,inside_lode_code) VALUES
('2022-01-19 16:59:40.448','Фракция кокса более 25 мм (ФК-4)',NULL,'GP_FR_KOKS_25_B','Фракция кокса ФК-4 (>25 мм)','Фракция кокса ФК-4 (>25 мм) АГЦ',false,'','283',NULL,'299','Фракция кокса > 20 мм (ФК-4)',NULL,'283'),
('2022-01-19 16:59:40.448','Мелочь кокса фр. 10 мм',NULL,'KHP_MEL_KOKS2','Мелочь коксовая','Мелочь коксовая КХЦ',false,'К.м.','171100',NULL,'1','МЕЛОЧЬ КОКСОВАЯ',NULL,'17'),
('2022-01-19 16:59:40.448','Отсев кокса мокрого тушения',NULL,'FSC_OTS_KOKS','Отсев кокса мокрого тушения','Отсев кокса мокрого тушения ФСЦ',false,'К.м.','171100',NULL,'1','МЕЛОЧЬ КОКСОВАЯ',NULL,'17'),
('2022-01-19 16:59:40.448','Отсев кокса покупного фр. 0-10 мм',NULL,'DP_OTS_KOKS_0_10','Отсев кокса покупного фр. 0-10 мм','Отсев кокса покупного фр. 0-10 мм КХЦ',false,'К.м.','171100',NULL,'1','МЕЛОЧЬ КОКСОВАЯ',NULL,'17'),
('2022-01-19 16:59:40.448','Отсев кокса фр.0-10 мм',NULL,'OTS_KOKS_0_10_KH','Отсев кокса фр. 0-10 мм','Отсев кокса фр. 0-10 мм КХЦ',false,'К.м.','171100',NULL,'1','МЕЛОЧЬ КОКСОВАЯ',NULL,'17'),
('2022-01-19 16:59:40.448','Мелочь коксовая фр. 0-10 мм',NULL,'KHP_KOKS_MEL_VR','Мелочь коксовая фр. 0-10 мм','Мелочь коксовая фр. 0-10 мм Алтай-кокс',false,'К.м. Алтай','171100','08','1','МЕЛОЧЬ КОКСОВАЯ',NULL,'17'),
('2022-01-19 16:59:40.448','Фракция кокса 0 - 15 мм (ФК-0/2)',NULL,'AGP_FR_KOKS_0_20','Фракция кокса ФК 0/2 (< 20мм)','Фракция кокса ФК 0/2 (< 20мм) АГЦ',false,'',NULL,NULL,NULL,NULL,NULL,''),
('2022-01-19 16:59:40.448','Фракция кокса 0 - 15 мм (ФК-0/1)',NULL,'AGP_FR_KOKS_0_15','Фракция кокса ФК-0/1 (< 15мм)','Фракция кокса ФК-0/1 (< 15мм) АГЦ',false,'',NULL,NULL,NULL,NULL,NULL,''),
('2022-01-19 16:59:40.448','Отсев кокса',NULL,'OTS_KOKS_MELOCH','Отсев кокса','Отсев кокса ДЦ-1,2',false,'К.м.','32',NULL,'40','ОТСЕВ КОКСА',NULL,'32'),
('2022-01-19 16:59:40.448','Фракция кокса 0 - 25 мм (ФК-0/3)',NULL,'AGP_FR_KOKS_0_25','Фракция кокса 0-25 мм (ФК-0/3)','Фракция кокса 0-25 мм (ФК-0/3) АГЦ',false,'',NULL,NULL,NULL,NULL,NULL,'');
INSERT INTO material_resource (ins_time,"name",upd_time,code,short_name,full_name,is_generic,short_name_for_shift_report,source_transport_code,source_axapta_code,source_up_agp_code,source_lab_code,source_lifnr_code,inside_lode_code) VALUES
('2022-01-19 16:59:40.448','Антрацит фр. 0-25 мм',NULL,'000000000000724924','Антрацит фр. 0-25 мм','Антрацит фр. 0-25 мм ООО "Печорская горная компания"',false,'Антрацит','276',NULL,'118','Антрацит',NULL,'276'),
('2022-01-19 16:59:40.448','Антрацит фр. 13-25 мм',NULL,'000000000000747793','Антрацит фр. 13-25 мм','Антрацит фр. 13-25 мм ООО "Печорская горная компания"',false,'Антрацит','276',NULL,'118','Антрацит',NULL,'276'),
('2022-01-19 16:59:40.448','Кокс фр. 10-25 мм',NULL,'DP_OTS_KOKS_10_25','Кокс фр. 10-25 мм','Кокс фр. 10-25 мм КХЦ',false,'К.м.','18','07','2','ОРЕШЕК КОКСОВЫЙ',NULL,'244'),
('2022-01-19 16:59:40.448','Орешек коксовый фр. 10-25 мм',NULL,'KHP_OR_KOKS','Орешек коксовый фр. 10-25 мм','Орешек коксовый фр. 10-25 мм Алтай-кокс',false,'К.м. Алтай','171115',NULL,'2','ОРЕШЕК КОКСОВЫЙ',NULL,'244'),
('2022-01-19 16:59:40.448','Орешек коксовый фр.10-25 мм ВР',NULL,'KHP_ORESH_10_25_V','Орешек коксовый фр.10-25 мм ВР','Орешек коксовый фр.10-25 мм ВР Алтай-кокс',false,'К.м. Алтай','171115','01','2','ОРЕШЕК КОКСОВЫЙ',NULL,'244'),
('2022-01-19 16:59:40.448','Кокс металлургический +25мм',NULL,'KHP_KOKS_MET','Кокс металлургический фр. +25 мм','Кокс металлургический фр. +25 мм Алтай-кокс',false,'К.м.','171030',NULL,'3','КОКС МЕТАЛЛУРГИЧЕСКИЙ',NULL,'207'),
('2022-01-19 16:59:40.448','Глинопорошок (добавка ИПС-1)',NULL,'000000000000815957','Глинопорошок (добавка ИПС-1)','Глинопорошок (добавка ИПС-1) ООО "Бентонит"',false,'',NULL,NULL,'300',NULL,NULL,''),
('2022-01-19 16:59:40.448','Скрап стальной фр. 0-10 мм (от ТТО)',NULL,'SKR_ST_TTO_0_10','Скрап стальной','Скрап стальной фр. 0-10 мм (от ТТО) ЦПМШ',false,'Скрап','58',NULL,'26','СКРАП СТАЛЬНОЙ',NULL,'151'),
('2022-01-19 16:59:40.448','Скрап стальной фр. 0-10 мм (ОБОГАЩЕН.)',NULL,'SKR_ST_OB_0_10','Скрап стальной','Скрап стальной фр. 0-10 мм (ОБОГАЩЕН.) ЦПМШ',false,'Скрап','58',NULL,'26','СКРАП СТАЛЬНОЙ',NULL,'151'),
('2022-01-19 16:59:40.448','Скрап стальной фр. 0-10 мм (ОТХ.ДРОБИ МЕТ)',NULL,'CPMSH_SKRDR0_10_OT','Скрап стальной','Скрап стальной фр. 0-10 мм (ОТХ.ДРОБИ МЕТ) ЦПМШ',false,'Скрап','58',NULL,'26','СКРАП СТАЛЬНОЙ',NULL,'151');
INSERT INTO material_resource (ins_time,"name",upd_time,code,short_name,full_name,is_generic,short_name_for_shift_report,source_transport_code,source_axapta_code,source_up_agp_code,source_lab_code,source_lifnr_code,inside_lode_code) VALUES
('2022-01-19 16:59:40.448','Пыль аспирационная',NULL,'PYL_ASPIR_X','Пыль аспирационная','Пыль аспирационная ДЦ-1,2',false,'Асп. пыль','46',NULL,'42','ПЫЛЬ АСПИРАЦИОННАЯ',NULL,'46'),
('2022-01-19 16:59:40.448','Руда железная агломерационная (сорт Б)',NULL,'OGP_031','Руда железная','Руда железная агломерационная (сорт Б) Стойленский ГОК',false,'Руда СГОК',NULL,NULL,'19','Руда железная агломерационная',NULL,'132'),
('2022-01-19 16:59:40.448','Окалина мелкая известкованная',NULL,'AGP_OKAL_MEL_IZV_X2','Окалина известкованная замасл. УНРС КЦ-1','Окалина известкованная замасл.УНРС КЦ-1',false,'Окал.','262',NULL,'97','Окалина замасленная, известкованная УНРС КЦ-1,2',NULL,'262'),
('2022-01-19 16:59:40.448','Окалина мелкая известкованная',NULL,'AGP_OKAL_MEL_IZV_X3','Окалина известкованная замасл.УНРС КЦ-2','Окалина известкованная замасл.УНРС КЦ-2',false,'Окал.','263',NULL,'97','Окалина замасленная, известкованная УНРС КЦ-1,2',NULL,'263'),
('2022-01-19 16:59:40.448','Руда марганцевая',NULL,'MES_01','Руда марганцевая','Руда марганцевая Украина ООО "Энергомашкомплект"',true,'Руда Марг.','142061',NULL,'22','РУДА МАРГАНЦЕВАЯ',NULL,'166'),
('2022-01-19 16:59:40.448','Камень извест.технологический',NULL,'MES_02','Камень извест.технол.','Камень известняковый технологический ПАО "НЛМК"',true,'Изв-к','241337',NULL,'63','Камень известняковый технологический',NULL,'236'),
('2022-01-19 16:59:40.448','Доломит',NULL,'MES_03','Доломит','Доломит',true,'Дол-т','291020',NULL,'60','Доломит сырой',NULL,'12'),
('2022-01-19 16:59:40.448','Мелочь коксовая',NULL,'MES_04','Мелочь коксовая','Мелочь коксовая',true,'К.м.','171100',NULL,'1','МЕЛОЧЬ КОКСОВАЯ',NULL,'17'),
('2022-01-19 16:59:40.448','Антрацит',NULL,'MES_05','Антрацит','Антрацит ООО "Печорская горная компания"',true,'Антрацит','276',NULL,'118','Антрацит',NULL,'276'),
('2022-01-19 16:59:40.448','Орешек коксовый',NULL,'MES_06','Орешек коксовый','Орешек коксовый Алтай-кокс',true,'К.м. Алтай','171115',NULL,'2','ОРЕШЕК КОКСОВЫЙ',NULL,'244');
INSERT INTO material_resource (ins_time,"name",upd_time,code,short_name,full_name,is_generic,short_name_for_shift_report,source_transport_code,source_axapta_code,source_up_agp_code,source_lab_code,source_lifnr_code,inside_lode_code) VALUES
('2022-01-19 16:59:40.448','Скрап стальной',NULL,'MES_07','Скрап стальной','Скрап стальной ЦПМШ',true,'Скрап','151',NULL,'26','СКРАП СТАЛЬНОЙ',NULL,'151'),
('2022-01-19 16:59:40.448','Железорудная смесь',NULL,'61','Железорудная смесь','Железорудная смесь АГЦ',false,'',NULL,NULL,'61','Железорудная смесь',NULL,''),
('2022-01-19 16:59:40.448','Смеси руд',NULL,'77','Смеси руд','Смеси руд АГЦ',false,'',NULL,NULL,'77','Смеси руд',NULL,''),
('2022-01-19 16:59:40.448','Смеси флюсов',NULL,'78','Смеси флюсов','Смеси флюсов АГЦ',false,'',NULL,NULL,'78','Смеси флюсов',NULL,''),
('2022-01-19 16:59:40.448','Возврат',NULL,'99','Возврат','Возврат АГЦ',false,'',NULL,NULL,'99','Возврат',NULL,''),
('2022-01-19 16:59:40.448','Топливная смесь',NULL,'101','Топливная смесь','Топливная смесь АГЦ',false,'',NULL,NULL,'101','Топливная смесь',NULL,''),
('2022-01-19 16:59:40.448','Возврат смеси флюсов',NULL,'301','Возврат смеси флюсов','Возврат смеси флюсов АГЦ',false,'',NULL,NULL,'301','Возврат смеси флюсов',NULL,''),
('2022-01-19 16:59:40.448','Руда железная агломерационная',NULL,'MES_08','Руда железная агломерационная','Руда железная агломерационная',true,'Руда СГОК',NULL,NULL,'75','Руда железная агломерационная',NULL,'132'),
('2022-01-19 16:59:40.448','Пыль аспирационная',NULL,'MES_09','Пыль аспирационная','Пыль аспирационная',true,'Асп. пыль','46',NULL,'42','ПЫЛЬ АСПИРАЦИОННАЯ',NULL,'46'),
('2022-01-19 16:59:40.448','Известь',NULL,'MES_10','Известь','Известь',true,'Из-ть','15',NULL,'62','Известь',NULL,'15');
INSERT INTO material_resource (ins_time,"name",upd_time,code,short_name,full_name,is_generic,short_name_for_shift_report,source_transport_code,source_axapta_code,source_up_agp_code,source_lab_code,source_lifnr_code,inside_lode_code) VALUES
('2022-01-19 16:59:40.448','Окалина',NULL,'MES_11','Окалина','Окалина',true,'Окал.',NULL,NULL,'68','Окалина',NULL,''),
('2022-01-19 16:59:40.448','Отсев агломерата ДЦ-1',NULL,'MES_12','Отсев агломерата ДЦ-1','Отсев агломерата ДЦ-1',true,'Отс. агл-та','33',NULL,'88','ОТСЕВ АГЛОМЕРАТА ДЦ-1',NULL,'33'),
('2022-01-19 16:59:40.448','Агломерат',NULL,'MES_14','Агломерат','Агломерат АГЦ',true,'',NULL,NULL,'82','Агломерат',NULL,''),
('2022-01-19 16:59:40.448','ШЛАКИ МЕТАЛЛУРГ.ДЛЯ ПЕРЕПЛ. НЕ ПОИМ.В АЛФАВИТЕ',NULL,'RKO_01','ШЛАКИ МЕТАЛЛУРГ.ДЛЯ ПЕРЕПЛ. НЕ ПОИМ.В АЛФАВИТЕ','ШЛАКИ МЕТАЛЛУРГ.ДЛЯ ПЕРЕПЛ. НЕ ПОИМ.В АЛФАВИТЕ ППЖТ',false,'Скрап Б.','210',NULL,'26','ШЛАКИ МЕТАЛЛУРГ.ДЛЯ ПЕРЕПЛ. НЕ ПОИМ.В АЛФАВИТЕ',NULL,'210'),
('2022-01-19 16:59:40.448','ШЛАКИ МЕТАЛЛУРГ.ДЛЯ ПЕРЕПЛ. НЕ ПОИМ.В АЛФАВИТЕ',NULL,'567947','ШЛАКИ МЕТАЛЛУРГ.ДЛЯ ПЕРЕПЛ. НЕ ПОИМ.В АЛФАВИТЕ','ШЛАКИ МЕТАЛЛУРГ.ДЛЯ ПЕРЕПЛ. НЕ ПОИМ.В АЛФАВИТЕ ООО РУБЕЖ В',false,'Скрап Р.','341089',NULL,'26','ШЛАКИ МЕТАЛЛУРГ.ДЛЯ ПЕРЕПЛ. НЕ ПОИМ.В АЛФАВИТЕ',NULL,'341089'),
('2022-01-19 16:59:40.448','Шихта',NULL,'79','Шихта','Шихта АГЦ',false,'',NULL,NULL,'79','Шихта',NULL,''),
('2022-01-19 16:59:40.448','Шлам',NULL,'80','Шлам','Шлам АГЦ',false,'',NULL,NULL,'80','Шлам',NULL,''),
('2022-01-19 16:59:40.448','Агломерат вагонный',NULL,'83','Агломерат вагонный','Агломерат вагонный',false,'',NULL,NULL,'83','Агломерат вагонный',NULL,''),
('2022-01-19 16:59:40.448','Скрап лом',NULL,'SKR_LOM_PR1_0_10','Скрап лом','Скрап лом ЦПМШ',false,'Скрап','278',NULL,'297','СКРАП (ЛОМ)',NULL,'278'),
('2022-01-19 16:59:40.448','Окалина Барс',NULL,'000000000000882807','Окалина','Окалина ООО Барс',false,'Окал. Б.','316092',NULL,'68','Окалина',NULL,'39');
INSERT INTO material_resource (ins_time,"name",upd_time,code,short_name,full_name,is_generic,short_name_for_shift_report,source_transport_code,source_axapta_code,source_up_agp_code,source_lab_code,source_lifnr_code,inside_lode_code) VALUES
('2022-01-19 16:59:40.448','Окалина замасленная, известкованная УНРС КЦ-1,2',NULL,'MES_13','Окалина замасл.,известк.УНРС КЦ-1,2','Окалина замасленная, известкованная УНРС КЦ-1,2',true,'Окал.','263',NULL,'97','Окалина замасленная, известкованная УНРС КЦ-1,2',NULL,'263');

---------------------supplier_material_resource-----------------------------------------------
INSERT INTO supplier_material_resource (material_resource_id,supplier_id,ins_time,upd_time) VALUES
(3,10,'2022-01-19 16:59:40.448',NULL),
(4,2,'2022-01-19 16:59:40.448',NULL),
(5,11,'2022-01-19 16:59:40.448',NULL),
(6,21,'2022-01-19 16:59:40.448',NULL),
(7,3,'2022-01-19 16:59:40.448',NULL),
(8,24,'2022-01-19 16:59:40.448',NULL),
(9,24,'2022-01-19 16:59:40.448',NULL),
(10,23,'2022-01-19 16:59:40.448',NULL),
(11,8,'2022-01-19 16:59:40.448',NULL),
(12,5,'2022-01-19 16:59:40.448',NULL);
INSERT INTO supplier_material_resource (material_resource_id,supplier_id,ins_time,upd_time) VALUES
(12,28,'2022-01-19 16:59:40.448',NULL),
(13,7,'2022-01-19 16:59:40.448',NULL),
(19,4,'2022-01-19 16:59:40.448',NULL),
(20,3,'2022-01-19 16:59:40.448',NULL),
(25,17,'2022-01-19 16:59:40.448',NULL),
(25,18,'2022-01-19 16:59:40.448',NULL),
(25,19,'2022-01-19 16:59:40.448',NULL),
(32,15,'2022-01-19 16:59:40.448',NULL),
(37,14,'2022-01-19 16:59:40.448',NULL),
(38,20,'2022-01-19 16:59:40.448',NULL);
INSERT INTO supplier_material_resource (material_resource_id,supplier_id,ins_time,upd_time) VALUES
(42,12,'2022-01-19 16:59:40.448',NULL),
(43,12,'2022-01-19 16:59:40.448',NULL),
(44,12,'2022-01-19 16:59:40.448',NULL),
(45,12,'2022-01-19 16:59:40.448',NULL),
(46,12,'2022-01-19 16:59:40.448',NULL),
(56,1,'2022-01-19 16:59:40.448',NULL),
(61,26,'2022-01-19 16:59:40.448',NULL),
(62,26,'2022-01-19 16:59:40.448',NULL),
(64,1,'2022-01-19 16:59:40.448',NULL),
(65,1,'2022-01-19 16:59:40.448',NULL);
INSERT INTO supplier_material_resource (material_resource_id,supplier_id,ins_time,upd_time) VALUES
(66,1,'2022-01-19 16:59:40.448',NULL),
(67,27,'2022-01-19 16:59:40.448',NULL),
(72,3,'2022-01-19 16:59:40.448',NULL),
(75,24,'2022-01-19 16:59:40.448',NULL),
(77,12,'2022-01-19 16:59:40.448',NULL),
(79,26,'2022-01-19 16:59:40.448',NULL),
(80,1,'2022-01-19 16:59:40.448',NULL),
(33,16,'2022-01-19 16:59:40.448',NULL),
(34,16,'2022-01-19 16:59:40.448',NULL),
(76,1,'2022-01-19 16:59:40.448',NULL);
INSERT INTO supplier_material_resource (material_resource_id,supplier_id,ins_time,upd_time) VALUES
(35,13,'2022-01-19 16:59:40.448',NULL),
(88,3,'2022-01-19 16:59:40.448',NULL),
(96,10,'2022-01-19 16:59:40.448',NULL),
(3,29,'2022-01-19 16:59:40.448',NULL),
(101,29,'2022-01-19 16:59:40.448',NULL),
(76,30,'2022-01-19 16:59:40.448',NULL),
(12,31,'2022-01-19 16:59:40.448',NULL);

-----------supplier---------------------
INSERT INTO supplier (ins_time,"name",upd_time,code,source_transport_code,source_axapta_code,source_up_agp_code,source_lab_code,structure_company_id,short_name,source_lifnr_code,inside_lode_code) VALUES
('2022-01-19 16:59:40.448','ПАО "АЛТАЙ-КОКС"',NULL,'650159','00188110','3010','650159','2517',NULL,'Алтай-кокс',NULL,NULL),
('2022-01-19 16:59:40.448','ОАО "ЛЕБЕДИНСКИЙ ГОК"',NULL,'308015','00186803',NULL,'308015',NULL,NULL,'ЛебГОК',NULL,NULL),
('2022-01-19 16:59:40.448','ОАО "СТОЙЛЕНСКИЙ ГОК"',NULL,'308019','00186826',NULL,'308019','901',NULL,'СГОК','1000000535',NULL),
('2022-01-19 16:59:40.448','ООО"МЕТАЛЛ-ГРУПП"',NULL,'58329644','58329644',NULL,'58329644',NULL,NULL,'Металл-групп',NULL,NULL),
('2022-01-19 16:59:40.448','ТОО ПЛАНЕТА ЭСА',NULL,'42','44404767',NULL,'42',NULL,NULL,'Планета ЭСА',NULL,NULL),
('2022-01-19 16:59:40.448','АЛАТАУ ТУМАР',NULL,'122','00000122',NULL,'122',NULL,NULL,'Алатау Тумар',NULL,NULL),
('2022-01-19 16:59:40.448','АО ЖАЙРЕМСКИЙ ГОК ЖОМАТ',NULL,'3875','00003875',NULL,'3875',NULL,NULL,'ЖГОК',NULL,NULL),
('2022-01-19 16:59:40.448','ТОО "АРМАН 100"',NULL,'9010','00009010',NULL,'9010',NULL,NULL,'Арман',NULL,NULL),
('2022-01-19 16:59:40.448','ТОО НУРАКЫЛ',NULL,'51464988','51464988',NULL,'51464988',NULL,NULL,'Нуракыл',NULL,NULL),
('2022-01-19 16:59:40.448','ООО РУБЕЖ В',NULL,'6488505','06488505',NULL,'6488505',NULL,NULL,'Рубеж В',NULL,NULL);
INSERT INTO supplier (ins_time,"name",upd_time,code,source_transport_code,source_axapta_code,source_up_agp_code,source_lab_code,structure_company_id,short_name,source_lifnr_code,inside_lode_code) VALUES
('2022-01-19 16:59:40.448','КОВДОРСКИЙ ГОК',NULL,'186759','00186759',NULL,'186759',NULL,NULL,'КовГОК',NULL,NULL),
('2022-01-19 16:59:40.448','ОАО "ДОЛОМИТ"',NULL,'398103','00186861',NULL,'398103',NULL,NULL,'ОАО Доломит',NULL,NULL),
('2022-01-19 16:59:40.448','ЗАО ЕЛЕЦКИЙ ИЗВЕСТКОВЫЙ ЗАВОД',NULL,'501965','05293998',NULL,'501965',NULL,NULL,'Елец',NULL,NULL),
('2022-01-19 16:59:40.448','ОАО"ЭЛЬДАКО"',NULL,'18856977','18856977',NULL,'18856977',NULL,NULL,'Эльдако',NULL,NULL),
('2022-01-19 16:59:40.448','ЗАО "КЛИНЦОВСКИЙ СИЛИКАТНЫЙ ЗАВОД"',NULL,'54528967','54528967',NULL,'54528967',NULL,NULL,'Клинцы',NULL,NULL),
('2022-01-19 16:59:40.448','ОАО "СТАГДОК"',NULL,'398336',NULL,NULL,'398336','2518',NULL,'Стагдок',NULL,NULL),
('2022-01-19 16:59:40.448','АКЦИОНЕРНОЕ ОБЩЕСТВО "НЛМК-УРАЛ"',NULL,'620237','55791017',NULL,'620237',NULL,NULL,'НЛМК-Урал',NULL,NULL),
('2022-01-19 16:59:40.448','ОАО НИЖНЕСЕРГИНСКИЙ МЕТИЗНО-МЕТАЛЛУРГИЧЕСКИЙ З-Д',NULL,'55791017','55791017',NULL,'55791017',NULL,NULL,'Нижнесергинск.завод',NULL,NULL),
('2022-01-19 16:59:40.448','ООО "НЛМК-КАЛУГА"',NULL,'72809061','72809061',NULL,'72809061',NULL,NULL,'НЛМК-Калуга',NULL,NULL),
('2022-01-19 16:59:40.448','ООО БАШМИНЕРАЛРЕСУРС',NULL,'38476082','38476082',NULL,'38476082',NULL,NULL,'Башминералресурс',NULL,NULL);
INSERT INTO supplier (ins_time,"name",upd_time,code,source_transport_code,source_axapta_code,source_up_agp_code,source_lab_code,structure_company_id,short_name,source_lifnr_code,inside_lode_code) VALUES
('2022-01-19 16:59:40.448','ОАО "МИХАЙЛОВСКИЙ ГОРНООБОГАТИТЕЛЬНЫЙ КОМБИНАТ"',NULL,'305018','00186849',NULL,'305018',NULL,NULL,'МихГОК',NULL,NULL),
('2022-01-19 16:59:40.448','ООО ВТОРЧЕРМЕТ',NULL,'14757669','14757669',NULL,'14757669','2404',NULL,'Вторчермет',NULL,NULL),
('2022-01-19 16:59:40.448','ООО ЛОГИСТИЧЕСКИЙ СЕРВИС',NULL,'37127416','37127416',NULL,'37127416',NULL,NULL,'ООО "Логистический сервис"',NULL,NULL),
('2022-01-19 16:59:40.448','ООО ЭНЕРГОМАШКОМПЛЕКТ',NULL,'10416150','10416150',NULL,'10416150',NULL,NULL,'ООО "Энергомашкомплект"',NULL,NULL),
('2022-01-19 16:59:40.448','ООО ПРИДОНХИМСТРОЙ ИЗВЕСТЬ',NULL,'121270','00121270',NULL,'121270',NULL,NULL,'ООО "Придонхимстрой известь"',NULL,NULL),
('2022-01-19 16:59:40.448','ООО"ПЕЧОРСКАЯ ГОРНАЯ КОМ,"',NULL,'29261902','29261902',NULL,'29261902',NULL,NULL,'ООО "Печорская горная компания"',NULL,NULL),
('2022-01-19 16:59:40.448','Общество с ограниченной ответственностью "Бенто',NULL,'1424676','01424676',NULL,'1424676',NULL,NULL,'ООО "Бентонит"',NULL,NULL),
('2022-01-19 16:59:40.448','ТОО "ПО-ТЕХНО"',NULL,'37','00000037',NULL,'37',NULL,NULL,'ПО-ТЕХНО',NULL,NULL),
('2022-01-19 16:59:40.448','ООО «Барс»',NULL,'567947','550',NULL,'550',NULL,NULL,'Барс',NULL,NULL),
('2022-01-19 16:59:40.448','ПАО Новолипецкий металлургический комбинат',NULL,'5757665','05757665',NULL,'5757665','378',NULL,'НЛМК',NULL,NULL);
INSERT INTO supplier (ins_time,"name",upd_time,code,source_transport_code,source_axapta_code,source_up_agp_code,source_lab_code,structure_company_id,short_name,source_lifnr_code,inside_lode_code) VALUES
('2022-01-19 16:59:40.448','ТОО GLOBAL MINING TECHNOLOGY',NULL,'99','00000099',NULL,'99',NULL,NULL,'ТОО GLOBAL MINING TECHNOLOGY',NULL,NULL);

----------------structure_company---------------------
INSERT INTO structure_company (id,ins_time,"name",upd_time,code,parent_id,short_name,source_transport_code,lab_code,source_axapta_code,source_up_agp_code,source_lab_code,structure_type,source_lifnr_code,inside_lode_code) VALUES
(2,'2022-01-19 16:59:40.448','Доменный цех №1',NULL,'1',1,'ДЦ-1','1','','','','1','Цех','',''),
(3,'2022-01-19 16:59:40.448','Доменный цех №2',NULL,'2',1,'ДЦ-2','2','','','','2','Цех','',''),
(4,'2022-01-19 16:59:40.448','Агломерационный цех',NULL,'18',1,'АГЦ','18','','','','19','Цех','',''),
(6,'2022-01-19 16:59:40.448','Коксохимический цех ',NULL,'22',1,'КХЦ','22','','','','24','Цех','',''),
(8,'2022-01-19 16:59:40.448','Лаборатория по контролю производства АГЦ',NULL,'8208',NULL,'ЛАГЦ','','2','','','','Лаборатория','',''),
(9,'2022-01-19 16:59:40.448','Лаборатория аналитического контроля АГЦ',NULL,'8203',NULL,'ЛАК АГЦ','','15','','','','Лаборатория','',''),
(10,'2022-01-19 16:59:40.448','Огнеупорный цех 1',NULL,'20',1,'ОГЦ','20','','','','20','Цех','',''),
(11,'2022-01-19 16:59:40.448','Цех холодного проката и покрытий',NULL,'13',1,'ЦХПП','13','','','','14','Цех','',''),
(12,'2022-01-19 16:59:40.448','Цех по переработке метал.шлаков',NULL,'28',1,'ЦПМШ','28','','','','28','Цех','',''),
(13,'2022-01-19 16:59:40.448','Ферросплавный цех',NULL,'4',1,'ФСЦ','4','','','','4','Цех','','');
INSERT INTO structure_company (id,ins_time,"name",upd_time,code,parent_id,short_name,source_transport_code,lab_code,source_axapta_code,source_up_agp_code,source_lab_code,structure_type,source_lifnr_code,inside_lode_code) VALUES
(14,'2022-01-19 16:59:40.448','Цех динамной стали',NULL,'15',1,'ЦДС','15','','','','16','Цех','',''),
(15,'2022-01-19 16:59:40.448','Конвертерный цех 1',NULL,'6',1,'КЦ-1','6','','','','6','Цех','',''),
(16,'2022-01-19 16:59:40.448','Конвертерный цех 2',NULL,'7',1,'КЦ-2','7','','','','7','Цех','',''),
(17,'2022-01-19 16:59:40.448','Цех изготовления брикетов',NULL,'337',1,'ЦИБ','337','','','','2511','Цех','',''),
(18,'2022-01-19 16:59:40.448','Цех горячего проката',NULL,'12',1,'ЦГП','12','','','','23','Цех','',''),
(19,'2022-01-19 16:59:40.448','Участок контроля качества АГЦ',NULL,'30',4,'УКК АГЦ','','','','','','Лаборатория','',''),
(20,'2022-01-19 16:59:40.448','ППЖТ (Барс)',NULL,'550',1,'ППЖТ (Барс)','550','','','','','Цех','','');

-----------------structure_company_material_resource-----------------------
INSERT INTO structure_company_material_resource (ins_time,upd_time,material_resource_id,structure_company_id) VALUES
('2022-01-19 16:59:40.448',NULL,1,11),
('2022-01-19 16:59:40.448',NULL,1,14),
('2022-01-19 16:59:40.448',NULL,2,12),
('2022-01-19 16:59:40.448',NULL,14,3),
('2022-01-19 16:59:40.448',NULL,14,2),
('2022-01-19 16:59:40.448',NULL,15,12),
('2022-01-19 16:59:40.448',NULL,16,12),
('2022-01-19 16:59:40.448',NULL,17,4),
('2022-01-19 16:59:40.448',NULL,18,3),
('2022-01-19 16:59:40.448',NULL,21,4);
INSERT INTO structure_company_material_resource (ins_time,upd_time,material_resource_id,structure_company_id) VALUES
('2022-01-19 16:59:40.448',NULL,22,4),
('2022-01-19 16:59:40.448',NULL,23,4),
('2022-01-19 16:59:40.448',NULL,24,3),
('2022-01-19 16:59:40.448',NULL,24,2),
('2022-01-19 16:59:40.448',NULL,26,12),
('2022-01-19 16:59:40.448',NULL,28,12),
('2022-01-19 16:59:40.448',NULL,29,12),
('2022-01-19 16:59:40.448',NULL,30,3),
('2022-01-19 16:59:40.448',NULL,31,17),
('2022-01-19 16:59:40.448',NULL,36,10);
INSERT INTO structure_company_material_resource (ins_time,upd_time,material_resource_id,structure_company_id) VALUES
('2022-01-19 16:59:40.448',NULL,39,10),
('2022-01-19 16:59:40.448',NULL,40,10),
('2022-01-19 16:59:40.448',NULL,41,16),
('2022-01-19 16:59:40.448',NULL,47,10),
('2022-01-19 16:59:40.448',NULL,48,12),
('2022-01-19 16:59:40.448',NULL,49,4),
('2022-01-19 16:59:40.448',NULL,50,4),
('2022-01-19 16:59:40.448',NULL,51,4),
('2022-01-19 16:59:40.448',NULL,52,6),
('2022-01-19 16:59:40.448',NULL,53,13);
INSERT INTO structure_company_material_resource (ins_time,upd_time,material_resource_id,structure_company_id) VALUES
('2022-01-19 16:59:40.448',NULL,54,6),
('2022-01-19 16:59:40.448',NULL,55,6),
('2022-01-19 16:59:40.448',NULL,57,4),
('2022-01-19 16:59:40.448',NULL,58,4),
('2022-01-19 16:59:40.448',NULL,59,3),
('2022-01-19 16:59:40.448',NULL,59,2),
('2022-01-19 16:59:40.448',NULL,60,4),
('2022-01-19 16:59:40.448',NULL,63,6),
('2022-01-19 16:59:40.448',NULL,68,12),
('2022-01-19 16:59:40.448',NULL,69,12);
INSERT INTO structure_company_material_resource (ins_time,upd_time,material_resource_id,structure_company_id) VALUES
('2022-01-19 16:59:40.448',NULL,70,12),
('2022-01-19 16:59:40.448',NULL,71,3),
('2022-01-19 16:59:40.448',NULL,71,2),
('2022-01-19 16:59:40.448',NULL,73,12),
('2022-01-19 16:59:40.448',NULL,74,12),
('2022-01-19 16:59:40.448',NULL,78,6),
('2022-01-19 16:59:40.448',NULL,81,12),
('2022-01-19 16:59:40.448',NULL,27,18),
('2022-01-19 16:59:40.448',NULL,89,2),
('2022-01-19 16:59:40.448',NULL,89,3);
INSERT INTO structure_company_material_resource (ins_time,upd_time,material_resource_id,structure_company_id) VALUES
('2022-01-19 16:59:40.448',NULL,90,10),
('2022-01-19 16:59:40.448',NULL,91,12),
('2022-01-19 16:59:40.448',NULL,91,18),
('2022-01-19 16:59:40.448',NULL,92,2),
('2022-01-19 16:59:40.448',NULL,92,3),
('2022-01-19 16:59:40.448',NULL,93,12),
('2022-01-19 16:59:40.448',NULL,93,15),
('2022-01-19 16:59:40.448',NULL,93,16),
('2022-01-19 16:59:40.448',NULL,82,4),
('2022-01-19 16:59:40.448',NULL,94,4);
INSERT INTO structure_company_material_resource (ins_time,upd_time,material_resource_id,structure_company_id) VALUES
('2022-01-19 16:59:40.448',NULL,97,4),
('2022-01-19 16:59:40.448',NULL,98,4),
('2022-01-19 16:59:40.448',NULL,99,4),
('2022-01-19 16:59:40.448',NULL,84,4),
('2022-01-19 16:59:40.448',NULL,86,4),
('2022-01-19 16:59:40.448',NULL,100,12),
('2022-01-19 16:59:40.448',NULL,95,20),
('2022-01-19 16:59:40.448',NULL,14,13),
('2022-01-19 16:59:40.448',NULL,25,20);

--------------path (в локалдной БД называется railway!!!)------------------------
INSERT INTO railway ("name",short_name,full_name,ins_time,upd_time,code,path_type,path_capacity,source_up_agp_code,park_id,source_transport_code,source_axapta_code,source_lab_code,source_lifnr_code,inside_lode_code) VALUES
('Путь 4','4А','Ст. Новолипецк, Парк А, Путь 4','2022-01-19 16:59:40.448',NULL,'111101','ACCUMULATOR_PATH',79,'1805041',1,NULL,NULL,NULL,NULL,NULL),
('Путь 5','5А','Ст. Новолипецк, Парк А, Путь 5','2022-01-19 16:59:40.448',NULL,'111102','ACCUMULATOR_PATH',71,'1805042',1,NULL,NULL,NULL,NULL,NULL),
('Путь 6','6А','Ст. Новолипецк, Парк А, Путь 6','2022-01-19 16:59:40.448',NULL,'111103','ACCUMULATOR_PATH',78,'1805043',1,NULL,NULL,NULL,NULL,NULL),
('Путь 7','7А','Ст. Новолипецк, Парк А, Путь 7','2022-01-19 16:59:40.448',NULL,'110104','ACCUMULATOR_PATH',83,'1805044',1,NULL,NULL,NULL,NULL,NULL),
('Путь 8','8А','Ст. Новолипецк, Парк А, Путь 8','2022-01-19 16:59:40.448',NULL,'111105','ACCUMULATOR_PATH',71,'1805045',1,NULL,NULL,NULL,NULL,NULL),
('Путь 9','9А','Ст. Новолипецк, Парк А, Путь 9','2022-01-19 16:59:40.448',NULL,'111106','ACCUMULATOR_PATH',71,'1805046',1,NULL,NULL,NULL,NULL,NULL),
('Путь 10','10А','Ст. Новолипецк, Парк А, Путь 10','2022-01-19 16:59:40.448',NULL,'111107','ACCUMULATOR_PATH',70,'1805047',1,NULL,NULL,NULL,NULL,NULL),
('Путь 20','20А','Ст. Новолипецк, Парк А, Путь 20','2022-01-19 16:59:40.448',NULL,'110110','ACCUMULATOR_PATH',34,'18050412',1,NULL,NULL,NULL,NULL,NULL),
('Путь 22','22А','Ст. Новолипецк, Парк А, Путь 22','2022-01-19 16:59:40.448',NULL,'111122','ACCUMULATOR_PATH',16,'18050413',1,NULL,NULL,NULL,NULL,NULL),
('Путь 23','23А','Ст. Новолипецк, Парк А, Путь 23','2022-01-19 16:59:40.448',NULL,'110113','ACCUMULATOR_PATH',16,'18050414',1,NULL,NULL,NULL,NULL,NULL);
INSERT INTO railway ("name",short_name,full_name,ins_time,upd_time,code,path_type,path_capacity,source_up_agp_code,park_id,source_transport_code,source_axapta_code,source_lab_code,source_lifnr_code,inside_lode_code) VALUES
('Путь 25','ГР1 1с','Ст. Новолипецк, Парк А, Путь 25','2022-01-19 16:59:40.448',NULL,'510215','DEFROST_GARAGE_PATH',28,'180505011',1,NULL,NULL,NULL,NULL,NULL),
('Путь 26','ГР1 2с','Ст. Новолипецк, Парк А, Путь 26','2022-01-19 16:59:40.448',NULL,'510218','DEFROST_GARAGE_PATH',28,'180505012',1,NULL,NULL,NULL,NULL,NULL),
('Путь 27','ГР1 3с','Ст. Новолипецк, Парк А, Путь 27','2022-01-19 16:59:40.448',NULL,'510217','DEFROST_GARAGE_PATH',27,'180505013',1,NULL,NULL,NULL,NULL,NULL),
('Путь 34','ГР2 1с','Ст. Новолипецк, Парк А, Путь 34','2022-01-19 16:59:40.448',NULL,'11118','DEFROST_GARAGE_PATH',21,'180505021',1,NULL,NULL,NULL,NULL,NULL),
('Путь 35','ГР2 2с','Ст. Новолипецк, Парк А, Путь 35','2022-01-19 16:59:40.448',NULL,'11119','DEFROST_GARAGE_PATH',21,'180505022',1,NULL,NULL,NULL,NULL,NULL),
('Путь 36','ГР2 3с','Ст. Новолипецк, Парк А, Путь 36','2022-01-19 16:59:40.448',NULL,'11120','DEFROST_GARAGE_PATH',25,'180505023',1,NULL,NULL,NULL,NULL,NULL),
('Путь 42','ГР3 1с','Ст. Новолипецк, Парк А, Путь 42','2022-01-19 16:59:40.448',NULL,'11121','DEFROST_GARAGE_PATH',32,'180505031',1,NULL,NULL,NULL,NULL,NULL),
('Путь 43','ГР3 2с','Ст. Новолипецк, Парк А, Путь 43','2022-01-19 16:59:40.448',NULL,'11122','DEFROST_GARAGE_PATH',32,'180505032',1,NULL,NULL,NULL,NULL,NULL),
('Путь 44','ГР3 3с','Ст. Новолипецк, Парк А, Путь 44','2022-01-19 16:59:40.448',NULL,'11123','DEFROST_GARAGE_PATH',37,'180505033',1,NULL,NULL,NULL,NULL,NULL),
('Путь 45','ГР3 4с','Ст. Новолипецк, Парк А, Путь 45','2022-01-19 16:59:40.448',NULL,'11124','DEFROST_GARAGE_PATH',35,'180505034',1,NULL,NULL,NULL,NULL,NULL);
INSERT INTO railway ("name",short_name,full_name,ins_time,upd_time,code,path_type,path_capacity,source_up_agp_code,park_id,source_transport_code,source_axapta_code,source_lab_code,source_lifnr_code,inside_lode_code) VALUES
('Путь 46','ГР3 5с','Ст. Новолипецк, Парк А, Путь 46','2022-01-19 16:59:40.448',NULL,'11125','DEFROST_GARAGE_PATH',35,'180505035',1,NULL,NULL,NULL,NULL,NULL),
('Путь 47','ГР3 6с','Ст. Новолипецк, Парк А, Путь 47','2022-01-19 16:59:40.448',NULL,'11126','DEFROST_GARAGE_PATH',22,'180505036',1,NULL,NULL,NULL,NULL,NULL),
('Путь 11','ВО-1 ОП','Ст. Новолипецк, Парк А, Путь 11','2022-01-19 16:59:40.448',NULL,'111111','CAR_DUMPER_PATH',29,'1805065',1,NULL,NULL,NULL,NULL,NULL),
('Путь 12','ВО-1 "Рыбка"','Ст. Новолипецк, Парк А, Путь 12','2022-01-19 16:59:40.448',NULL,'111128','CAR_DUMPER_PATH',29,'1805061',1,NULL,NULL,NULL,NULL,NULL),
('Путь 24','ВО-1 ОП','Ст. Новолипецк, Парк А, Путь 24','2022-01-19 16:59:40.448',NULL,'510213','ACCUMULATOR_FROM_CAR_DUMPER_PATH',40,'1805065',1,NULL,NULL,NULL,NULL,NULL),
('Путь 13','ВО-2 ОП','Ст. Новолипецк, Парк А, Путь 13','2022-01-19 16:59:40.448',NULL,'111113','CAR_DUMPER_PATH',27,'1805066',1,NULL,NULL,NULL,NULL,NULL),
('Путь 14','ВО-2 "Рыбка"','Ст. Новолипецк, Парк А, Путь 14','2022-01-19 16:59:40.448',NULL,'111129','CAR_DUMPER_PATH',27,'1805062',1,NULL,NULL,NULL,NULL,NULL),
('Путь 30','ВО-2 ОП','Ст. Новолипецк, Парк А, Путь 30','2022-01-19 16:59:40.448',NULL,'510214','ACCUMULATOR_FROM_CAR_DUMPER_PATH',38,'1805066',1,NULL,NULL,NULL,NULL,NULL),
('Путь 15','ВО-3 ОП','Ст. Новолипецк, Парк А, Путь 15','2022-01-19 16:59:40.448',NULL,'111115','CAR_DUMPER_PATH',20,'1805067',1,NULL,NULL,NULL,NULL,NULL),
('Путь 16','ВО-3 "Рыбка"','Ст. Новолипецк, Парк А, Путь 16','2022-01-19 16:59:40.448',NULL,'111116','CAR_DUMPER_PATH',20,'1805063',1,NULL,NULL,NULL,NULL,NULL);
INSERT INTO railway ("name",short_name,full_name,ins_time,upd_time,code,path_type,path_capacity,source_up_agp_code,park_id,source_transport_code,source_axapta_code,source_lab_code,source_lifnr_code,inside_lode_code) VALUES
('Путь 25а','ВО-3 ОП','Ст. Новолипецк, Парк А, Путь 25а','2022-01-19 16:59:40.448',NULL,'11109','ACCUMULATOR_FROM_CAR_DUMPER_PATH',26,'1805067',1,NULL,NULL,NULL,NULL,NULL),
('Путь 29','ВО-3 ОП','Ст. Новолипецк, Парк А, Путь 29','2022-01-19 16:59:40.448',NULL,'510216','ACCUMULATOR_FROM_CAR_DUMPER_PATH',29,'1805067',1,NULL,NULL,NULL,NULL,NULL),
('Путь 17','ВО-4 ОП','Ст. Новолипецк, Парк А, Путь 17','2022-01-19 16:59:40.448',NULL,'111117','CAR_DUMPER_PATH',19,'1805068',1,NULL,NULL,NULL,NULL,NULL),
('Путь 18','ВО-4 "Рыбка"','Ст. Новолипецк, Парк А, Путь 18','2022-01-19 16:59:40.448',NULL,'111118','CAR_DUMPER_PATH',19,'1805064',1,NULL,NULL,NULL,NULL,NULL),
('Путь 26а','ВО-4 ОП','Ст. Новолипецк, Парк А, Путь 26а','2022-01-19 16:59:40.448',NULL,'11111','ACCUMULATOR_FROM_CAR_DUMPER_PATH',22,'1805068',1,NULL,NULL,NULL,NULL,NULL),
('Путь 27а','ВО-4 ОП','Ст. Новолипецк, Парк А, Путь 27а','2022-01-19 16:59:40.448',NULL,'11113','ACCUMULATOR_FROM_CAR_DUMPER_PATH',22,'1805068',1,NULL,NULL,NULL,NULL,NULL),
('Путь 0','0Б','Ст. Новолипецк, Парк Б, Путь 0','2022-01-19 16:59:40.448',NULL,'110236','ACCUMULATOR_PATH',37,NULL,2,NULL,NULL,NULL,NULL,NULL),
('Путь 1','1Б','Ст. Новолипецк, Парк Б, Путь 1','2022-01-19 16:59:40.448',NULL,'110201','ACCUMULATOR_PATH',37,NULL,2,NULL,NULL,NULL,NULL,NULL),
('Путь 2','2Б','Ст. Новолипецк, Парк Б, Путь 2','2022-01-19 16:59:40.448',NULL,'110202','ACCUMULATOR_PATH',49,NULL,2,NULL,NULL,NULL,NULL,NULL),
('Путь 3','3Б','Ст. Новолипецк, Парк Б, Путь 3','2022-01-19 16:59:40.448',NULL,'110204','ACCUMULATOR_PATH',54,NULL,2,NULL,NULL,NULL,NULL,NULL);
INSERT INTO railway ("name",short_name,full_name,ins_time,upd_time,code,path_type,path_capacity,source_up_agp_code,park_id,source_transport_code,source_axapta_code,source_lab_code,source_lifnr_code,inside_lode_code) VALUES
('Путь 4','4Б','Ст. Новолипецк, Парк Б, Путь 4','2022-01-19 16:59:40.448',NULL,'110205','ACCUMULATOR_PATH',58,NULL,2,NULL,NULL,NULL,NULL,NULL),
('Путь 5','5Б','Ст. Новолипецк, Парк Б, Путь 5','2022-01-19 16:59:40.448',NULL,'110206','ACCUMULATOR_PATH',92,NULL,2,NULL,NULL,NULL,NULL,NULL),
('Путь 6','6Б','Ст. Новолипецк, Парк Б, Путь 6','2022-01-19 16:59:40.448',NULL,'110207','ACCUMULATOR_PATH',85,NULL,2,NULL,NULL,NULL,NULL,NULL),
('Путь 7','7Б','Ст. Новолипецк, Парк Б, Путь 7','2022-01-19 16:59:40.448',NULL,'110208','ACCUMULATOR_PATH',85,NULL,2,NULL,NULL,NULL,NULL,NULL),
('Путь 8','8Б','Ст. Новолипецк, Парк Б, Путь 8','2022-01-19 16:59:40.448',NULL,'110209','ACCUMULATOR_PATH',76,NULL,2,NULL,NULL,NULL,NULL,NULL),
('Путь 9','9Б','Ст. Новолипецк, Парк Б, Путь 9','2022-01-19 16:59:40.448',NULL,'110210','ACCUMULATOR_PATH',80,NULL,2,NULL,NULL,NULL,NULL,NULL),
('Путь 10','10Б','Ст. Новолипецк, Парк Б, Путь 10','2022-01-19 16:59:40.448',NULL,'110211','ACCUMULATOR_PATH',79,NULL,2,NULL,NULL,NULL,NULL,NULL),
('Путь 11','11Б','Ст. Новолипецк, Парк Б, Путь 11','2022-01-19 16:59:40.448',NULL,'110212','ACCUMULATOR_PATH',76,NULL,2,NULL,NULL,NULL,NULL,NULL),
('Путь 12','12Б','Ст. Новолипецк, Парк Б, Путь 12','2022-01-19 16:59:40.448',NULL,'110213','ACCUMULATOR_PATH',77,NULL,2,NULL,NULL,NULL,NULL,NULL),
('Путь 13','13Б','Ст. Новолипецк, Парк Б, Путь 13','2022-01-19 16:59:40.448',NULL,'110214','ACCUMULATOR_PATH',81,NULL,2,NULL,NULL,NULL,NULL,NULL);
INSERT INTO railway ("name",short_name,full_name,ins_time,upd_time,code,path_type,path_capacity,source_up_agp_code,park_id,source_transport_code,source_axapta_code,source_lab_code,source_lifnr_code,inside_lode_code) VALUES
('Путь 14','14Б','Ст. Новолипецк, Парк Б, Путь 14','2022-01-19 16:59:40.448',NULL,'110215','ACCUMULATOR_PATH',81,NULL,2,NULL,NULL,NULL,NULL,NULL),
('Путь 15','15Б','Ст. Новолипецк, Парк Б, Путь 15','2022-01-19 16:59:40.448',NULL,'110216','ACCUMULATOR_PATH',78,NULL,2,NULL,NULL,NULL,NULL,NULL),
('Путь 16','16Б','Ст. Новолипецк, Парк Б, Путь 16','2022-01-19 16:59:40.448',NULL,'110217','ACCUMULATOR_PATH',84,NULL,2,NULL,NULL,NULL,NULL,NULL),
('Путь 17','17Б','Ст. Новолипецк, Парк Б, Путь 17','2022-01-19 16:59:40.448',NULL,'110218','ACCUMULATOR_PATH',86,NULL,2,NULL,NULL,NULL,NULL,NULL),
('Путь 18','18Б','Ст. Новолипецк, Парк Б, Путь 18','2022-01-19 16:59:40.448',NULL,'110219','ACCUMULATOR_PATH',87,NULL,2,NULL,NULL,NULL,NULL,NULL),
('Путь 19','19Б','Ст. Новолипецк, Парк Б, Путь 19','2022-01-19 16:59:40.448',NULL,'110220','ACCUMULATOR_PATH',87,NULL,2,NULL,NULL,NULL,NULL,NULL),
('Путь 20','20Б','Ст. Новолипецк, Парк Б, Путь 20','2022-01-19 16:59:40.448',NULL,'110221','ACCUMULATOR_PATH',90,NULL,2,NULL,NULL,NULL,NULL,NULL),
('Путь 21','21Б','Ст. Новолипецк, Парк Б, Путь 21','2022-01-19 16:59:40.448',NULL,'110222','ACCUMULATOR_PATH',89,NULL,2,NULL,NULL,NULL,NULL,NULL),
('Путь 22','22Б','Ст. Новолипецк, Парк Б, Путь 22','2022-01-19 16:59:40.448',NULL,'110223','ACCUMULATOR_PATH',89,NULL,2,NULL,NULL,NULL,NULL,NULL),
('Путь 23','23Б','Ст. Новолипецк, Парк Б, Путь 23','2022-01-19 16:59:40.448',NULL,'110224','ACCUMULATOR_PATH',82,NULL,2,NULL,NULL,NULL,NULL,NULL);
INSERT INTO railway ("name",short_name,full_name,ins_time,upd_time,code,path_type,path_capacity,source_up_agp_code,park_id,source_transport_code,source_axapta_code,source_lab_code,source_lifnr_code,inside_lode_code) VALUES
('Путь 24','24Б','Ст. Новолипецк, Парк Б, Путь 24','2022-01-19 16:59:40.448',NULL,'110225','ACCUMULATOR_PATH',82,NULL,2,NULL,NULL,NULL,NULL,NULL),
('Путь 1','1В','Ст. Новолипецк, Парк В, Путь 1','2022-01-19 16:59:40.448',NULL,'110301','ACCUMULATOR_PATH',65,NULL,3,NULL,NULL,NULL,NULL,NULL),
('Путь 2','2В','Ст. Новолипецк, Парк В, Путь 2','2022-01-19 16:59:40.448',NULL,'110302','ACCUMULATOR_PATH',68,NULL,3,NULL,NULL,NULL,NULL,NULL),
('Путь 3','3В','Ст. Новолипецк, Парк В, Путь 3','2022-01-19 16:59:40.448',NULL,'110303','ACCUMULATOR_PATH',71,NULL,3,NULL,NULL,NULL,NULL,NULL),
('Путь 4','4В','Ст. Новолипецк, Парк В, Путь 4','2022-01-19 16:59:40.448',NULL,'110304','ACCUMULATOR_PATH',72,NULL,3,NULL,NULL,NULL,NULL,NULL),
('Путь 5','5В','Ст. Новолипецк, Парк В, Путь 5','2022-01-19 16:59:40.448',NULL,'110305','ACCUMULATOR_PATH',74,NULL,3,NULL,NULL,NULL,NULL,NULL),
('Путь 6','6В','Ст. Новолипецк, Парк В, Путь 6','2022-01-19 16:59:40.448',NULL,'110306','ACCUMULATOR_PATH',73,NULL,3,NULL,NULL,NULL,NULL,NULL),
('Путь 7','7В','Ст. Новолипецк, Парк В, Путь 7','2022-01-19 16:59:40.448',NULL,'110307','ACCUMULATOR_PATH',70,NULL,3,NULL,NULL,NULL,NULL,NULL),
('Путь 8','8В','Ст. Новолипецк, Парк В, Путь 8','2022-01-19 16:59:40.448',NULL,'110308','ACCUMULATOR_PATH',68,NULL,3,NULL,NULL,NULL,NULL,NULL),
('Путь 9','9В','Ст. Новолипецк, Парк В, Путь 9','2022-01-19 16:59:40.448',NULL,'510301','ACCUMULATOR_PATH',66,NULL,3,NULL,NULL,NULL,NULL,NULL);
INSERT INTO railway ("name",short_name,full_name,ins_time,upd_time,code,path_type,path_capacity,source_up_agp_code,park_id,source_transport_code,source_axapta_code,source_lab_code,source_lifnr_code,inside_lode_code) VALUES
('Путь 10','10В','Ст. Новолипецк, Парк В, Путь 10','2022-01-19 16:59:40.448',NULL,'510302','ACCUMULATOR_PATH',67,NULL,3,NULL,NULL,NULL,NULL,NULL),
('Путь 1','1Г','Ст. Новолипецк, Парк Г, Путь 1','2022-01-19 16:59:40.448',NULL,'110401','ACCUMULATOR_PATH',40,NULL,4,NULL,NULL,NULL,NULL,NULL),
('Путь 2','2Г','Ст. Новолипецк, Парк Г, Путь 2','2022-01-19 16:59:40.448',NULL,'110402','ACCUMULATOR_PATH',42,NULL,4,NULL,NULL,NULL,NULL,NULL),
('Путь 3','3Г','Ст. Новолипецк, Парк Г, Путь 3','2022-01-19 16:59:40.448',NULL,'110403','ACCUMULATOR_PATH',50,'1805048',4,NULL,NULL,NULL,NULL,NULL),
('Путь 4','4Г','Ст. Новолипецк, Парк Г, Путь 4','2022-01-19 16:59:40.448',NULL,'110404','ACCUMULATOR_PATH',57,'1805049',4,NULL,NULL,NULL,NULL,NULL),
('Путь 5','5Г','Ст. Новолипецк, Парк Г, Путь 5','2022-01-19 16:59:40.448',NULL,'110405','ACCUMULATOR_PATH',54,'18050410',4,NULL,NULL,NULL,NULL,NULL),
('Путь 6','6Г','Ст. Новолипецк, Парк Г, Путь 6','2022-01-19 16:59:40.448',NULL,'110406','ACCUMULATOR_PATH',56,'18050411',4,NULL,NULL,NULL,NULL,NULL),
('Путь 7','7Г','Ст. Новолипецк, Парк Г, Путь 7','2022-01-19 16:59:40.448',NULL,'110407','ACCUMULATOR_PATH',53,NULL,4,NULL,NULL,NULL,NULL,NULL),
('Путь 8','8Г','Ст. Новолипецк, Парк Г, Путь 8','2022-01-19 16:59:40.448',NULL,'110408','ACCUMULATOR_PATH',68,NULL,4,NULL,NULL,NULL,NULL,NULL),
('Путь 9','9Г','Ст. Новолипецк, Парк Г, Путь 9','2022-01-19 16:59:40.448',NULL,'110409','ACCUMULATOR_PATH',56,NULL,4,NULL,NULL,NULL,NULL,NULL);
INSERT INTO railway ("name",short_name,full_name,ins_time,upd_time,code,path_type,path_capacity,source_up_agp_code,park_id,source_transport_code,source_axapta_code,source_lab_code,source_lifnr_code,inside_lode_code) VALUES
('Путь 10','10Г','Ст. Новолипецк, Парк Г, Путь 10','2022-01-19 16:59:40.448',NULL,'110410','ACCUMULATOR_PATH',52,NULL,4,NULL,NULL,NULL,NULL,NULL),
('Путь 11','11Г','Ст. Новолипецк, Парк Г, Путь 11','2022-01-19 16:59:40.448',NULL,'110411','ACCUMULATOR_PATH',59,NULL,4,NULL,NULL,NULL,NULL,NULL),
('Путь 12','12Г','Ст. Новолипецк, Парк Г, Путь 12','2022-01-19 16:59:40.448',NULL,'110412','ACCUMULATOR_PATH',60,NULL,4,NULL,NULL,NULL,NULL,NULL),
('Путь 13','13Г','Ст. Новолипецк, Парк Г, Путь 13','2022-01-19 16:59:40.448',NULL,'110413','ACCUMULATOR_PATH',63,NULL,4,NULL,NULL,NULL,NULL,NULL),
('Путь 1','1Д','Ст. Новолипецк, Парк Д, Путь 1','2022-01-19 16:59:40.448',NULL,'11081','ACCUMULATOR_PATH',13,NULL,5,NULL,NULL,NULL,NULL,NULL),
('Путь 2','2Д','Ст. Новолипецк, Парк Д, Путь 2','2022-01-19 16:59:40.448',NULL,'11082','ACCUMULATOR_PATH',13,NULL,5,NULL,NULL,NULL,NULL,NULL),
('Путь 3т','3Т','Ст. Новолипецк, Парк Д, Путь 3т','2022-01-19 16:59:40.448',NULL,'11083','ACCUMULATOR_PATH',2,NULL,5,NULL,NULL,NULL,NULL,NULL),
('Путь 13','13Е','Ст. Новолипецк, Парк Е, Путь 13','2022-01-19 16:59:40.448',NULL,'518745','ACCUMULATOR_PATH',86,NULL,6,NULL,NULL,NULL,NULL,NULL),
('Путь 1П','1П','Ст. Агломератная, Парк ПО, Путь 1П','2022-01-19 16:59:40.448',NULL,'30201','ACCUMULATOR_PATH',NULL,NULL,8,NULL,NULL,NULL,NULL,NULL),
('Путь 2П','2П','Ст. Агломератная, Парк ПО, Путь 2П','2022-01-19 16:59:40.448',NULL,'30202','ACCUMULATOR_PATH',NULL,NULL,8,NULL,NULL,NULL,NULL,NULL);
INSERT INTO railway ("name",short_name,full_name,ins_time,upd_time,code,path_type,path_capacity,source_up_agp_code,park_id,source_transport_code,source_axapta_code,source_lab_code,source_lifnr_code,inside_lode_code) VALUES
('Путь 3П','3П','Ст. Агломератная, Парк ПО, Путь 3П','2022-01-19 16:59:40.448',NULL,'30203','ACCUMULATOR_PATH',NULL,NULL,8,NULL,NULL,NULL,NULL,NULL),
('Путь 4П','4П','Ст. Агломератная, Парк ПО, Путь 4П','2022-01-19 16:59:40.448',NULL,'30204','ACCUMULATOR_PATH',NULL,NULL,8,NULL,NULL,NULL,NULL,NULL),
('Путь 5П','5П','Ст. Агломератная, Парк ПО, Путь 5П','2022-01-19 16:59:40.448',NULL,'30205','ACCUMULATOR_PATH',NULL,NULL,8,NULL,NULL,NULL,NULL,NULL),
('Путь 7','7','Ст. Агломератная, Парк ПО, Путь 7','2022-01-19 16:59:40.448',NULL,'30206','ACCUMULATOR_PATH',NULL,NULL,8,NULL,NULL,NULL,NULL,NULL),
('Путь 8','8','Ст. Агломератная, Парк ПО, Путь 8','2022-01-19 16:59:40.448',NULL,'30207','ACCUMULATOR_PATH',NULL,NULL,8,NULL,NULL,NULL,NULL,NULL),
('Путь 9','9','Ст. Агломератная, Парк ПО, Путь 9','2022-01-19 16:59:40.448',NULL,'30208','ACCUMULATOR_PATH',NULL,NULL,8,NULL,NULL,NULL,NULL,NULL),
('Путь 12','12','Ст. Агломератная, Парк ПО, Путь 12','2022-01-19 16:59:40.448',NULL,'30209','ACCUMULATOR_PATH',NULL,NULL,8,NULL,NULL,NULL,NULL,NULL),
('Путь 13','13','Ст. Агломератная, Парк ПО, Путь 13','2022-01-19 16:59:40.448',NULL,'30210','ACCUMULATOR_PATH',NULL,NULL,8,NULL,NULL,NULL,NULL,NULL),
('Путь 14П','14П','Ст. Агломератная, Парк ПО, Путь 14П','2022-01-19 16:59:40.448',NULL,'30211','ACCUMULATOR_PATH',NULL,NULL,8,NULL,NULL,NULL,NULL,NULL),
('Путь 15','15','Ст. Агломератная, Парк ПО, Путь 15','2022-01-19 16:59:40.448',NULL,'30212','ACCUMULATOR_PATH',NULL,NULL,8,NULL,NULL,NULL,NULL,NULL);
INSERT INTO railway ("name",short_name,full_name,ins_time,upd_time,code,path_type,path_capacity,source_up_agp_code,park_id,source_transport_code,source_axapta_code,source_lab_code,source_lifnr_code,inside_lode_code) VALUES
('Путь 16','16','Ст. Агломератная, Парк ПО, Путь 16','2022-01-19 16:59:40.448',NULL,'30213','ACCUMULATOR_PATH',NULL,NULL,8,NULL,NULL,NULL,NULL,NULL),
('Путь 17','17','Ст. Агломератная, Парк ПО, Путь 17','2022-01-19 16:59:40.448',NULL,'30214','ACCUMULATOR_PATH',NULL,NULL,8,NULL,NULL,NULL,NULL,NULL),
('Путь 18','18','Ст. Агломератная, Парк ПО, Путь 18','2022-01-19 16:59:40.448',NULL,'30215','ACCUMULATOR_PATH',NULL,NULL,8,NULL,NULL,NULL,NULL,NULL),
('Путь 8П','8П','Ст. Агломератная, Парк ПО, Путь 8П','2022-01-19 16:59:40.448',NULL,'30216','ACCUMULATOR_PATH',NULL,NULL,8,NULL,NULL,NULL,NULL,NULL),
('Путь 31П','31П','Ст. Агломератная, Парк ПО, Путь 31П','2022-01-19 16:59:40.448',NULL,'30217','ACCUMULATOR_PATH',NULL,NULL,8,NULL,NULL,NULL,NULL,NULL),
('Путь 21П','21П','Ст. Агломератная, Парк ПО, Путь 21П','2022-01-19 16:59:40.448',NULL,'30218','ACCUMULATOR_PATH',NULL,NULL,8,NULL,NULL,NULL,NULL,NULL),
('Путь 35П','35П','Ст. Агломератная, Парк ПО, Путь 35П','2022-01-19 16:59:40.448',NULL,'30219','ACCUMULATOR_PATH',NULL,NULL,8,NULL,NULL,NULL,NULL,NULL),
('Путь 33П','33П','Ст. Агломератная, Парк ПО, Путь 33П','2022-01-19 16:59:40.448',NULL,'30220','ACCUMULATOR_PATH',NULL,NULL,8,NULL,NULL,NULL,NULL,NULL),
('Путь 25П','25П','Ст. Агломератная, Парк ПО, Путь 25П','2022-01-19 16:59:40.448',NULL,'30221','ACCUMULATOR_PATH',NULL,NULL,8,NULL,NULL,NULL,NULL,NULL),
('Путь 26П','26П','Ст. Агломератная, Парк ПО, Путь 26П','2022-01-19 16:59:40.448',NULL,'30222','ACCUMULATOR_PATH',NULL,NULL,8,NULL,NULL,NULL,NULL,NULL);
INSERT INTO railway ("name",short_name,full_name,ins_time,upd_time,code,path_type,path_capacity,source_up_agp_code,park_id,source_transport_code,source_axapta_code,source_lab_code,source_lifnr_code,inside_lode_code) VALUES
('Путь 27П','27П','Ст. Агломератная, Парк ПО, Путь 27П','2022-01-19 16:59:40.448',NULL,'30223','ACCUMULATOR_PATH',NULL,NULL,8,NULL,NULL,NULL,NULL,NULL),
('Путь 28П','28П','Ст. Агломератная, Парк ПО, Путь 28П','2022-01-19 16:59:40.448',NULL,'30224','ACCUMULATOR_PATH',NULL,NULL,8,NULL,NULL,NULL,NULL,NULL),
('Путь 29П','29П','Ст. Агломератная, Парк ПО, Путь 29П','2022-01-19 16:59:40.448',NULL,'30225','ACCUMULATOR_PATH',NULL,NULL,8,NULL,NULL,NULL,NULL,NULL),
('Путь 20П','20П','Ст. Агломератная, Парк ПО, Путь 20П','2022-01-19 16:59:40.448',NULL,'510439','ACCUMULATOR_PATH',NULL,NULL,8,NULL,NULL,NULL,NULL,NULL),
('Путь 48','48А','Ст. Новолипецк, Парк А, Путь 48','2022-01-19 16:59:40.448',NULL,'111130','ACCUMULATOR_PATH',33,NULL,1,NULL,NULL,NULL,NULL,NULL);

-------------regulatory_document_material_resource--------------------
INSERT INTO regulatory_document_material_resource (ins_time,upd_time,material_resource_id,regulatory_document_id,quality_deviation_check) VALUES
('2022-01-27 11:56:43.906',NULL,42,45,true),
('2022-01-27 11:56:43.906',NULL,43,45,true),
('2022-01-27 11:56:43.906',NULL,44,45,true),
('2022-01-27 11:56:43.906',NULL,45,45,true),
('2022-01-27 11:56:43.906',NULL,46,45,true),
('2022-01-27 11:56:43.906',NULL,77,45,false),
('2022-01-27 11:56:43.906',NULL,48,48,false),
('2022-01-27 11:56:43.906',NULL,3,49,true),
('2022-01-27 11:56:43.906',NULL,81,49,false),
('2022-01-27 11:56:43.906',NULL,18,50,true);
INSERT INTO regulatory_document_material_resource (ins_time,upd_time,material_resource_id,regulatory_document_id,quality_deviation_check) VALUES
('2022-01-27 11:56:43.906',NULL,71,50,true),
('2022-01-27 11:56:43.906',NULL,89,50,false),
('2022-01-27 11:56:43.906',NULL,2,52,true),
('2022-01-27 11:56:43.906',NULL,68,52,true),
('2022-01-27 11:56:43.906',NULL,69,52,true),
('2022-01-27 11:56:43.906',NULL,70,52,true),
('2022-01-27 11:56:43.906',NULL,81,52,false),
('2022-01-27 11:56:43.906',NULL,7,54,true),
('2022-01-27 11:56:43.906',NULL,20,55,true),
('2022-01-27 11:56:43.906',NULL,72,55,true);
INSERT INTO regulatory_document_material_resource (ins_time,upd_time,material_resource_id,regulatory_document_id,quality_deviation_check) VALUES
('2022-01-27 11:56:43.906',NULL,88,55,false),
('2022-01-27 11:56:43.906',NULL,64,57,true),
('2022-01-27 11:56:43.906',NULL,65,57,true),
('2022-01-27 11:56:43.906',NULL,80,57,false),
('2022-01-27 11:56:43.906',NULL,82,58,false),
('2022-01-27 11:56:43.906',NULL,83,58,false),
('2022-01-27 11:56:43.906',NULL,84,58,false),
('2022-01-27 11:56:43.906',NULL,85,58,false),
('2022-01-27 11:56:43.906',NULL,86,58,false),
('2022-01-27 11:56:43.906',NULL,87,58,false);
INSERT INTO regulatory_document_material_resource (ins_time,upd_time,material_resource_id,regulatory_document_id,quality_deviation_check) VALUES
('2022-01-27 11:56:43.906',NULL,14,59,true),
('2022-01-27 11:56:43.906',NULL,40,62,true),
('2022-01-27 11:56:43.906',NULL,28,64,true),
('2022-01-27 11:56:43.906',NULL,1,65,true),
('2022-01-27 11:56:43.906',NULL,27,68,false),
('2022-01-27 11:56:43.906',NULL,91,68,false),
('2022-01-27 11:56:43.906',NULL,73,70,true),
('2022-01-27 11:56:43.906',NULL,74,70,true),
('2022-01-27 11:56:43.906',NULL,93,70,false),
('2022-01-27 11:56:43.906',NULL,29,71,true);
INSERT INTO regulatory_document_material_resource (ins_time,upd_time,material_resource_id,regulatory_document_id,quality_deviation_check) VALUES
('2022-01-27 11:56:43.906',NULL,16,72,true),
('2022-01-27 11:56:43.906',NULL,15,73,true),
('2022-01-27 11:56:43.906',NULL,41,74,true),
('2022-01-27 11:56:43.906',NULL,6,78,false),
('2022-01-27 11:56:43.906',NULL,25,79,true),
('2022-01-27 11:56:43.906',NULL,91,79,false),
('2022-01-27 11:56:43.906',NULL,5,97,false),
('2022-01-27 11:56:43.906',NULL,4,98,false),
('2022-01-27 11:56:43.906',NULL,38,102,false),
('2022-01-27 11:56:43.906',NULL,52,103,false);
INSERT INTO regulatory_document_material_resource (ins_time,upd_time,material_resource_id,regulatory_document_id,quality_deviation_check) VALUES
('2022-01-27 11:56:43.906',NULL,53,103,true),
('2022-01-27 11:56:43.906',NULL,54,103,true),
('2022-01-27 11:56:43.906',NULL,55,103,true),
('2022-01-27 11:56:43.906',NULL,56,103,false),
('2022-01-27 11:56:43.906',NULL,59,103,true),
('2022-01-27 11:56:43.906',NULL,63,103,true),
('2022-01-27 11:56:43.906',NULL,78,103,false),
('2022-01-27 11:56:43.906',NULL,30,104,true),
('2022-01-27 11:56:43.906',NULL,92,104,false),
('2022-01-27 11:56:43.906',NULL,17,106,true);
INSERT INTO regulatory_document_material_resource (ins_time,upd_time,material_resource_id,regulatory_document_id,quality_deviation_check) VALUES
('2022-01-27 11:56:43.906',NULL,26,107,false),
('2022-01-27 11:56:43.906',NULL,36,108,true),
('2022-01-27 11:56:43.906',NULL,90,108,false),
('2022-01-27 11:56:43.906',NULL,91,108,false),
('2022-01-27 11:56:43.906',NULL,49,109,true),
('2022-01-27 11:56:43.906',NULL,50,109,false),
('2022-01-27 11:56:43.906',NULL,51,109,false),
('2022-01-27 11:56:43.906',NULL,57,109,true),
('2022-01-27 11:56:43.906',NULL,58,109,true),
('2022-01-27 11:56:43.906',NULL,60,109,true);
INSERT INTO regulatory_document_material_resource (ins_time,upd_time,material_resource_id,regulatory_document_id,quality_deviation_check) VALUES
('2022-01-27 11:56:43.906',NULL,61,110,false),
('2022-01-27 11:56:43.906',NULL,62,110,false),
('2022-01-27 11:56:43.906',NULL,79,110,false),
('2022-01-27 11:56:43.906',NULL,21,111,true),
('2022-01-27 11:56:43.906',NULL,22,111,false),
('2022-01-27 11:56:43.906',NULL,23,111,true),
('2022-01-27 11:56:43.906',NULL,94,111,false),
('2022-01-27 11:56:43.906',NULL,31,112,false),
('2022-01-27 11:56:43.906',NULL,33,113,false),
('2022-01-27 11:56:43.906',NULL,34,113,false);
INSERT INTO regulatory_document_material_resource (ins_time,upd_time,material_resource_id,regulatory_document_id,quality_deviation_check) VALUES
('2022-01-27 11:56:43.906',NULL,76,113,false),
('2022-01-27 11:56:43.906',NULL,39,114,true),
('2022-01-27 11:56:43.906',NULL,47,115,true),
('2022-01-27 11:56:43.906',NULL,2,116,true),
('2022-01-27 11:56:43.906',NULL,68,116,true),
('2022-01-27 11:56:43.906',NULL,69,116,true),
('2022-01-27 11:56:43.906',NULL,70,116,true),
('2022-01-27 11:56:43.906',NULL,81,116,false),
('2022-01-27 11:56:43.906',NULL,100,116,true),
('2022-01-27 11:56:43.906',NULL,101,79,true);

------------------regulatory_docunent---------------------------------
INSERT INTO regulatory_document (ins_time,short_name,upd_time,end_date,is_active,start_date) VALUES
('2022-01-27 11:56:43.906','АМ 05757665-072-348-2010',NULL,NULL,true,NULL),
('2022-01-27 11:56:43.906','АМ 05757665-072-350-2010',NULL,NULL,true,NULL),
('2022-01-27 11:56:43.906','АМ 05757665-072-373-2011',NULL,NULL,true,NULL),
('2022-01-27 11:56:43.906','АМ 05757665-072-405-2014',NULL,NULL,true,NULL),
('2022-01-27 11:56:43.906','АМ 05757665-072-410-2015',NULL,NULL,true,NULL),
('2022-01-27 11:56:43.906','АМ 05757665-072-414-2017',NULL,NULL,true,NULL),
('2022-01-27 11:56:43.906','АМ 05757665-252-001-2016',NULL,NULL,true,NULL),
('2022-01-27 11:56:43.906','АМ 05757665-252-002-2016',NULL,NULL,true,NULL),
('2022-01-27 11:56:43.906','АМ 05757665-72-187-2016',NULL,NULL,true,NULL),
('2022-01-27 11:56:43.906','АМ 05757665-72-305-2006',NULL,NULL,true,NULL);
INSERT INTO regulatory_document (ins_time,short_name,upd_time,end_date,is_active,start_date) VALUES
('2022-01-27 11:56:43.906','АМ 72-146-2000',NULL,NULL,true,NULL),
('2022-01-27 11:56:43.906','АМ 72-150-2001',NULL,NULL,true,NULL),
('2022-01-27 11:56:43.906','АМ 72-160-1999',NULL,NULL,true,NULL),
('2022-01-27 11:56:43.906','СТО 00186855-43-2013',NULL,NULL,true,NULL),
('2022-01-27 11:56:43.906','АМ 72-194-99',NULL,NULL,true,NULL),
('2022-01-27 11:56:43.906','АМ 72-298-2005',NULL,NULL,true,NULL),
('2022-01-27 11:56:43.906','ГОСТ 12764',NULL,NULL,true,NULL),
('2022-01-27 11:56:43.906','ГОСТ 12764-79',NULL,NULL,true,NULL),
('2022-01-27 11:56:43.906','ГОСТ 15054',NULL,NULL,true,NULL),
('2022-01-27 11:56:43.906','ГОСТ 15054-80',NULL,NULL,true,NULL);
INSERT INTO regulatory_document (ins_time,short_name,upd_time,end_date,is_active,start_date) VALUES
('2022-01-27 11:56:43.906','ГОСТ 15137-77',NULL,NULL,true,NULL),
('2022-01-27 11:56:43.906','ГОСТ 22772.2-96',NULL,NULL,true,NULL),
('2022-01-27 11:56:43.906','ГОСТ 23581.13-79',NULL,NULL,true,NULL),
('2022-01-27 11:56:43.906','ГОСТ 23581.15',NULL,NULL,true,NULL),
('2022-01-27 11:56:43.906','ГОСТ 23581.16-81',NULL,NULL,true,NULL),
('2022-01-27 11:56:43.906','ГОСТ 23581.17-81',NULL,NULL,true,NULL),
('2022-01-27 11:56:43.906','ГОСТ 23581.18-81',NULL,NULL,true,NULL),
('2022-01-27 11:56:43.906','ГОСТ 23581.7-79',NULL,NULL,true,NULL),
('2022-01-27 11:56:43.906','ГОСТ 23581.9-79',NULL,NULL,true,NULL),
('2022-01-27 11:56:43.906','ГОСТ 26136-84',NULL,NULL,true,NULL);
INSERT INTO regulatory_document (ins_time,short_name,upd_time,end_date,is_active,start_date) VALUES
('2022-01-27 11:56:43.906','ГОСТ 2642.2-2014',NULL,NULL,true,NULL),
('2022-01-27 11:56:43.906','ГОСТ 2642.3-2014',NULL,NULL,true,NULL),
('2022-01-27 11:56:43.906','ГОСТ 2642.7-2017',NULL,NULL,true,NULL),
('2022-01-27 11:56:43.906','ГОСТ 2642.8-2017',NULL,NULL,true,NULL),
('2022-01-27 11:56:43.906','ГОСТ 27562-87',NULL,NULL,true,NULL),
('2022-01-27 11:56:43.906','ГОСТ 32518.1-2013',NULL,NULL,true,NULL),
('2022-01-27 11:56:43.906','ГОСТ 32518.2-2013',NULL,NULL,true,NULL),
('2022-01-27 11:56:43.906','ОСТ 14-16-219-87',NULL,NULL,true,NULL),
('2022-01-27 11:56:43.906','РД 14-16-2-89',NULL,NULL,true,NULL),
('2022-01-27 11:56:43.906','РД 14-16-4-90',NULL,NULL,true,NULL);
INSERT INTO regulatory_document (ins_time,short_name,upd_time,end_date,is_active,start_date) VALUES
('2022-01-27 11:56:43.906','СГП 001-86826-023-2007',NULL,NULL,true,NULL),
('2022-01-27 11:56:43.906','СТО 00186826-031-2013',NULL,NULL,true,NULL),
('2022-01-27 11:56:43.906','CТО 00186826-032-2018',NULL,NULL,true,NULL),
('2022-01-27 11:56:43.906','СТО 00186855-46-2013',NULL,NULL,true,NULL),
('2022-01-27 11:56:43.906','СТО 00186861-001-2018',NULL,NULL,true,NULL),
('2022-01-27 11:56:43.906','СТО 05757665-005-2017',NULL,NULL,true,NULL),
('2022-01-27 11:56:43.906','СТО 05757665-014-2010',NULL,NULL,true,NULL),
('2022-01-27 11:56:43.906','СТО 05757665-015-2010',NULL,NULL,true,NULL),
('2022-01-27 11:56:43.906','СТО 05757665-017-2017',NULL,NULL,true,NULL),
('2022-01-27 11:56:43.906','СТО 05757665-018-2014',NULL,NULL,true,NULL);
INSERT INTO regulatory_document (ins_time,short_name,upd_time,end_date,is_active,start_date) VALUES
('2022-01-27 11:56:43.906','СТО 05757665-039',NULL,NULL,true,NULL),
('2022-01-27 11:56:43.906','СТО 05757665-066-2017',NULL,NULL,false,NULL),
('2022-01-27 11:56:43.906','СТП СМК 05757665-9.2-010',NULL,NULL,true,NULL),
('2022-01-27 11:56:43.906','ТУ 07.10.10-0011-00186826-2021',NULL,NULL,true,NULL),
('2022-01-27 11:56:43.906','ТУ 07.10.10-0010-00186826-2020',NULL,NULL,true,NULL),
('2022-01-27 11:56:43.906','ТУ 07300-001-22689781-2005',NULL,NULL,true,NULL),
('2022-01-27 11:56:43.906','ТУ 0762-219-00190437-2006',NULL,NULL,true,NULL),
('2022-01-27 11:56:43.906','ТИ 05757665-FL-343-018-0020-2019',NULL,NULL,true,NULL),
('2022-01-27 11:56:43.906','ТУ 14-106-197-83',NULL,NULL,true,NULL),
('2022-01-27 11:56:43.906','ТУ 14-106-199',NULL,NULL,true,NULL);
INSERT INTO regulatory_document (ins_time,short_name,upd_time,end_date,is_active,start_date) VALUES
('2022-01-27 11:56:43.906','ТУ 14-106-200-83',NULL,NULL,true,NULL),
('2022-01-27 11:56:43.906','ТУ 14-106-201-2010',NULL,NULL,true,NULL),
('2022-01-27 11:56:43.906','ТУ 14-106-229',NULL,NULL,true,NULL),
('2022-01-27 11:56:43.906','ТУ 14-106-245-2007',NULL,NULL,true,NULL),
('2022-01-27 11:56:43.906','ТУ 14-106-248-99',NULL,NULL,true,NULL),
('2022-01-27 11:56:43.906','ТУ 14-106-533-97',NULL,NULL,true,NULL),
('2022-01-27 11:56:43.906','ТУ 14-106-563-99',NULL,NULL,true,NULL),
('2022-01-27 11:56:43.906','ТУ 14-106-645-2002',NULL,NULL,true,NULL),
('2022-01-27 11:56:43.906','ТУ 14-106-682',NULL,NULL,true,NULL),
('2022-01-27 11:56:43.906','ТУ 14-106-683-2003',NULL,NULL,true,NULL);
INSERT INTO regulatory_document (ins_time,short_name,upd_time,end_date,is_active,start_date) VALUES
('2022-01-27 11:56:43.906','ТУ 14-106-685-2003',NULL,NULL,true,NULL),
('2022-01-27 11:56:43.906','ТУ 14-106-691-2003',NULL,NULL,true,NULL),
('2022-01-27 11:56:43.906','ТУ 14-106-696-2004',NULL,NULL,true,NULL),
('2022-01-27 11:56:43.906','ТУ 14-106-724-2005',NULL,NULL,true,NULL),
('2022-01-27 11:56:43.906','ТУ 14-106-757',NULL,NULL,true,NULL),
('2022-01-27 11:56:43.906','ТУ 14-11-425-2006',NULL,NULL,true,NULL),
('2022-01-27 11:56:43.906','ТУ 751-001-38476082',NULL,NULL,true,NULL),
('2022-01-27 11:56:43.906','ТУ 0712-002-00186849-2014',NULL,NULL,true,NULL),
('2022-01-27 11:56:43.906','ГОСТ 2787-75',NULL,NULL,true,NULL),
('2022-01-27 11:56:43.906','ТУ 0730-001-00001809-2009',NULL,NULL,true,NULL);
INSERT INTO regulatory_document (ins_time,short_name,upd_time,end_date,is_active,start_date) VALUES
('2022-01-27 11:56:43.906','ТУ 14-106-446-2001',NULL,NULL,true,NULL),
('2022-01-27 11:56:43.906','ТУ 14-106-653-2003',NULL,NULL,true,NULL),
('2022-01-27 11:56:43.906','ТУ 14-106-269-2004',NULL,NULL,true,NULL),
('2022-01-27 11:56:43.906','ТУ 14-106-269-2003',NULL,NULL,true,NULL),
('2022-01-27 11:56:43.906','ТУ 0722-078-00187895-2004',NULL,NULL,true,NULL),
('2022-01-27 11:56:43.906','ТУ 0722-007-00186803-2005',NULL,NULL,true,NULL),
('2022-01-27 11:56:43.906','СТО 05757665-005-2006',NULL,NULL,true,NULL),
('2022-01-27 11:56:43.906','ГОСТ 5954.1, ГОСТ 5954.2',NULL,NULL,true,NULL),
('2022-01-27 11:56:43.906','ГОСТ2059(S),ГОСТ5953(V), Дог.A',NULL,NULL,true,NULL),
('2022-01-27 11:56:43.906','СТО 05757665-005-2014',NULL,NULL,true,NULL);
INSERT INTO regulatory_document (ins_time,short_name,upd_time,end_date,is_active,start_date) VALUES
('2022-01-27 11:56:43.906','СТО 05757665-005-2013',NULL,NULL,true,NULL),
('2022-01-27 11:56:43.906','ТУ 14-106-654-2003',NULL,NULL,true,NULL),
('2022-01-27 11:56:43.906','ТУ 0722-001-00186849-2003',NULL,NULL,true,NULL),
('2022-01-27 11:56:43.906','ТУ 0711-029-00186849-2003',NULL,NULL,true,NULL),
('2022-01-27 11:56:43.906','ТУ 14-106-714-2005',NULL,NULL,true,NULL),
('2022-01-27 11:56:43.906','ТУ 0722-003-00186938-2009',NULL,NULL,true,NULL),
('2022-01-27 11:56:43.906','ТУ 0712-002-00186759-2002',NULL,NULL,true,NULL),
('2022-01-27 11:56:43.906','ТУ 07.10.10-030-00186803-2016',NULL,NULL,true,NULL),
('2022-01-27 11:56:43.906','ТУ 0761-246-00190437-2012',NULL,NULL,true,NULL),
('2022-01-27 11:56:43.906','ГОСТ 9179-77',NULL,NULL,true,NULL);
INSERT INTO regulatory_document (ins_time,short_name,upd_time,end_date,is_active,start_date) VALUES
('2022-01-27 11:56:43.906','ГОСТ Р51586-2000',NULL,NULL,true,NULL),
('2022-01-27 11:56:43.906','ТУ 0751-001-38476082-2015',NULL,NULL,true,NULL),
('2022-01-27 11:56:43.906','ТУ 0763-199-00190437-2004',NULL,NULL,true,NULL),
('2022-01-27 11:56:43.906','ТУ 07.10.10-0015-00186826-2020',NULL,NULL,true,NULL),
('2022-01-27 11:56:43.906','ТУ 07.10.10-0014-00186826-2020',NULL,NULL,true,NULL),
('2022-01-27 11:56:43.906','ТУ 14-106-720-2005',NULL,NULL,true,NULL),
('2022-01-27 11:56:43.906','СТО 05757665-019-2014',NULL,NULL,true,NULL),
('2022-01-27 11:56:43.906','ТУ 23.52.10-0010-05757665-2020',NULL,NULL,true,NULL),
('2022-01-27 11:56:43.906','ТУ 14-106-801-2012',NULL,NULL,true,NULL),
('2022-01-27 11:56:43.906','ГОСТ 10742-71',NULL,NULL,true,NULL);
INSERT INTO regulatory_document (ins_time,short_name,upd_time,end_date,is_active,start_date) VALUES
('2022-01-27 11:56:43.906','ТУ 07.10.10-0005-05757665-2019',NULL,NULL,true,NULL),
('2022-01-27 11:56:43.906','ТУ 19.30.11-0041-05757665-2020',NULL,NULL,true,NULL),
('2022-01-27 11:56:43.906','СТО 00186855-046-2017',NULL,NULL,true,NULL),
('2022-01-27 11:56:43.906','СТО 05757665-061-2016',NULL,NULL,true,NULL),
('2022-01-27 11:56:43.906','ТУ 14-106-566-99',NULL,NULL,true,NULL),
('2022-01-27 11:56:43.906','ТУ 38.32.22-0091-05757665-2021',NULL,NULL,true,NULL);

--------------------quality_indicators--------------------------
INSERT INTO quality_indicator (ins_time,"name",upd_time,code,quality_indicator_type,short_name,measure) VALUES
('2022-01-27 11:56:43.906','Массовая доля водорода, H',NULL,'9001','CHEMICAL','H','%'),
('2022-01-27 11:56:43.906','Массовая доля бора, B',NULL,'9005','CHEMICAL','B','%'),
('2022-01-27 11:56:43.906','Массовая доля углерода, C',NULL,'9006','CHEMICAL','C','%'),
('2022-01-27 11:56:43.906','Массовая доля азота, N',NULL,'9007','CHEMICAL','N','%'),
('2022-01-27 11:56:43.906','Массовая доля кислорода, O',NULL,'9008','CHEMICAL','O','%'),
('2022-01-27 11:56:43.906','Массовая доля магния, Mg',NULL,'9012','CHEMICAL','Mg','%'),
('2022-01-27 11:56:43.906','Массовая доля алюминия, Al',NULL,'9013','CHEMICAL','Al','%'),
('2022-01-27 11:56:43.906','Массовая доля кремния, Si',NULL,'9014','CHEMICAL','Si','%'),
('2022-01-27 11:56:43.906','Массовая доля фосфора, P',NULL,'9015','CHEMICAL','P','%'),
('2022-01-27 11:56:43.906','Массовая доля серы, S',NULL,'9016','CHEMICAL','S','%');
INSERT INTO quality_indicator (ins_time,"name",upd_time,code,quality_indicator_type,short_name,measure) VALUES
('2022-01-27 11:56:43.906','Массовая доля кальция, Ca',NULL,'9020','CHEMICAL','Ca','%'),
('2022-01-27 11:56:43.906','Массовая доля титана, Ti',NULL,'9022','CHEMICAL','Ti','%'),
('2022-01-27 11:56:43.906','Массовая доля ванадия, V',NULL,'9023','CHEMICAL','V','%'),
('2022-01-27 11:56:43.906','Массовая доля хрома, Cr',NULL,'9024','CHEMICAL','Cr','%'),
('2022-01-27 11:56:43.906','Массовая доля марганца, Mn',NULL,'9025','CHEMICAL','Mn','%'),
('2022-01-27 11:56:43.906','Массовая доля железа, Fe',NULL,'9026','CHEMICAL','Fe','%'),
('2022-01-27 11:56:43.906','Массовая доля кобальта, Co',NULL,'9027','CHEMICAL','Co','%'),
('2022-01-27 11:56:43.906','Массовая доля никеля, Ni',NULL,'9028','CHEMICAL','Ni','%'),
('2022-01-27 11:56:43.906','Массовая доля меди, Cu',NULL,'9029','CHEMICAL','Cu','%'),
('2022-01-27 11:56:43.906','Массовая доля цинка, Zn',NULL,'9030','CHEMICAL','Zn','%');
INSERT INTO quality_indicator (ins_time,"name",upd_time,code,quality_indicator_type,short_name,measure) VALUES
('2022-01-27 11:56:43.906','Массовая доля мышьяка, As',NULL,'9033','CHEMICAL','As','%'),
('2022-01-27 11:56:43.906','Массовая доля циркония, Zr',NULL,'9040','CHEMICAL','Zr','%'),
('2022-01-27 11:56:43.906','Массовая доля ниобия, Nb',NULL,'9041','CHEMICAL','Nb','%'),
('2022-01-27 11:56:43.906','Массовая доля молибдена, Mo',NULL,'9042','CHEMICAL','Mo','%'),
('2022-01-27 11:56:43.906','Массовая доля олова, Sn',NULL,'9050','CHEMICAL','Sn','%'),
('2022-01-27 11:56:43.906','Массовая доля сурьмы, Sb',NULL,'9051','CHEMICAL','Sb','%'),
('2022-01-27 11:56:43.906','Массовая доля свинца, Pb',NULL,'9082','CHEMICAL','Pb','%'),
('2022-01-27 11:56:43.906','Массовая доля общей влаги',NULL,'21','CHEMICAL','Влага общ.','%'),
('2022-01-27 11:56:43.906','Зольность',NULL,'22','CHEMICAL','Зола','%'),
('2022-01-27 11:56:43.906','Выход летучих веществ, Vdaf',NULL,'23','PHYSICAL','Vdaf','%');
INSERT INTO quality_indicator (ins_time,"name",upd_time,code,quality_indicator_type,short_name,measure) VALUES
('2022-01-27 11:56:43.906','Механическая прочность М10',NULL,'24','PHYSICAL','М10','%'),
('2022-01-27 11:56:43.906','Механическая прочность М25',NULL,'25','PHYSICAL','М25','%'),
('2022-01-27 11:56:43.906','Реакционная способность кокса (CRI)',NULL,'26','PHYSICAL','CRI','%'),
('2022-01-27 11:56:43.906','Прочность кокса после реакции с СО2 (CSR)',NULL,'27','PHYSICAL','CSR','%'),
('2022-01-27 11:56:43.906','Массовая доля общей серы',NULL,'28','CHEMICAL','S-d','%'),
('2022-01-27 11:56:43.906','Рассев по классам, 25 - 40 мм',NULL,'29','CHEMICAL','кл. 25-40мм','%'),
('2022-01-27 11:56:43.906','Рассев по классам, 40 - 60 мм',NULL,'30','CHEMICAL','кл. 40-60мм','%'),
('2022-01-27 11:56:43.906','Рассев, менее 25 мм',NULL,'31','CHEMICAL','<25мм','%'),
('2022-01-27 11:56:43.906','Рассев, более 80 мм',NULL,'32','CHEMICAL','>80мм','%'),
('2022-01-27 11:56:43.906','Рассев, более 10 мм',NULL,'33','CHEMICAL','>10мм','%');
INSERT INTO quality_indicator (ins_time,"name",upd_time,code,quality_indicator_type,short_name,measure) VALUES
('2022-01-27 11:56:43.906','Рассев, менее 10 мм',NULL,'34','CHEMICAL','<10мм','%'),
('2022-01-27 11:56:43.906','Рассев, более 25 мм',NULL,'35','CHEMICAL','>25мм','%'),
('2022-01-27 11:56:43.906','Рассев по классам, 60 - 80 мм',NULL,'36','CHEMICAL','кл. 60-80мм','%'),
('2022-01-27 11:56:43.906','Содержание CaO',NULL,'177','CHEMICAL','CaO','%'),
('2022-01-27 11:56:43.906','Содержание SiO2',NULL,'178','CHEMICAL','SiO2','%'),
('2022-01-27 11:56:43.906','Содержание MgO',NULL,'179','CHEMICAL','MgO','%'),
('2022-01-27 11:56:43.906','Содержание Al2O3',NULL,'180','CHEMICAL','Al2O3','%'),
('2022-01-27 11:56:43.906','Содержание MnO',NULL,'181','CHEMICAL','MnO','%'),
('2022-01-27 11:56:43.906','Содержание FeO',NULL,'182','CHEMICAL','FeO','%'),
('2022-01-27 11:56:43.906','Массовая доля нерастворимого остатка',NULL,'184','PHYSICAL','Н.О.','%');
INSERT INTO quality_indicator (ins_time,"name",upd_time,code,quality_indicator_type,short_name,measure) VALUES
('2022-01-27 11:56:43.906','Рассев, 8 - 25 мм',NULL,'186','PHYSICAL','кл. 8-25мм','%'),
('2022-01-27 11:56:43.906','Рассев, менее 8 мм',NULL,'187','PHYSICAL','<8мм','%'),
('2022-01-27 11:56:43.906','Удельная эффективность естественных радионуклидов, Бк/кг',NULL,'188','PHYSICAL','Уд.эф.радионукл.','бк/кг'),
('2022-01-27 11:56:43.906','Рассев, менее 20 мм',NULL,'190','PHYSICAL','<20мм','%'),
('2022-01-27 11:56:43.906','Рассев по классам, 20 - 60 мм',NULL,'191','PHYSICAL','кл. 20-60мм','%'),
('2022-01-27 11:56:43.906','Рассев, менее 5 мм',NULL,'192','PHYSICAL','<5мм','%'),
('2022-01-27 11:56:43.906','Прочность на сжатие, кг/окатыш',NULL,'193','PHYSICAL','Прочн.сж.','кг/окатыш'),
('2022-01-27 11:56:43.906','Массовая доля оксида кремния, SiO',NULL,'194','CHEMICAL','SiO','%'),
('2022-01-27 11:56:43.906','Сопротивление удару',NULL,'195','PHYSICAL','Сопрот.уд.','%'),
('2022-01-27 11:56:43.906','Сопротивление истиранию',NULL,'196','PHYSICAL','Сопрот.истир.','%');
INSERT INTO quality_indicator (ins_time,"name",upd_time,code,quality_indicator_type,short_name,measure) VALUES
('2022-01-27 11:56:43.906','Насыпная плотность т/м3',NULL,'197','PHYSICAL','Нас.плотн.','т/м3'),
('2022-01-27 11:56:43.906','Полный остаток на ситах в % - 0,16',NULL,'198','PHYSICAL','Остаток 0,61мм','%'),
('2022-01-27 11:56:43.906','Полный остаток на ситах в % - 0,63',NULL,'199','PHYSICAL','Остаток 0,63мм','%'),
('2022-01-27 11:56:43.906','Полный остаток на ситах в % - 2,5',NULL,'200','PHYSICAL','Остаток 2,5мм','%'),
('2022-01-27 11:56:43.906','Полный остаток на ситах в % - 5,00',NULL,'201','PHYSICAL','Остаток 5мм','%'),
('2022-01-27 11:56:43.906','Полный остаток на ситах в % - 10,0',NULL,'202','PHYSICAL','Остаток 10мм','%'),
('2022-01-27 11:56:43.906','Полный остаток на ситах в % - 20,0',NULL,'203','PHYSICAL','Остаток 20мм','%'),
('2022-01-27 11:56:43.906','Полный остаток на ситах в % - 25,0',NULL,'204','PHYSICAL','Остаток 25мм','%'),
('2022-01-27 11:56:43.906','Полный остаток на ситах в % - 20',NULL,'205','PHYSICAL','Остаток 20мм','%'),
('2022-01-27 11:56:43.906','Полный остаток на ситах в % - 40',NULL,'206','PHYSICAL','Остаток 40мм','%');
INSERT INTO quality_indicator (ins_time,"name",upd_time,code,quality_indicator_type,short_name,measure) VALUES
('2022-01-27 11:56:43.906','Полный остаток на ситах в % - 60',NULL,'207','PHYSICAL','Остаток 60мм','%'),
('2022-01-27 11:56:43.906','Полный остаток на ситах в % - 70',NULL,'208','PHYSICAL','Остаток 70мм','%'),
('2022-01-27 11:56:43.906','Содержание зерен пластинчатой и игловатой формы, %',NULL,'209','PHYSICAL','Пласт.зерна','%'),
('2022-01-27 11:56:43.906','Содержание пылевидных и глинистых частиц, %',NULL,'210','PHYSICAL','Пылевидные и глинистые','%'),
('2022-01-27 11:56:43.906','Содержание глины в комках, %',NULL,'211','PHYSICAL','Глина в комках','%'),
('2022-01-27 11:56:43.906','Содержание зерен слабых пород, %',NULL,'212','PHYSICAL','Слабые','%'),
('2022-01-27 11:56:43.906','Марка щебня по дробимости',NULL,'213','PHYSICAL','Марка-Д',''),
('2022-01-27 11:56:43.906','Марка щебня по морозостойкости',NULL,'214','PHYSICAL','Марка-М',''),
('2022-01-27 11:56:43.906','Устойчивость структуры щебня против всех видов распада, %',NULL,'215','PHYSICAL','Уст.структ.','%'),
('2022-01-27 11:56:43.906','Фракционный состав, % класс - 0,045мм',NULL,'216','PHYSICAL','кл. 0,045мм','%');
INSERT INTO quality_indicator (ins_time,"name",upd_time,code,quality_indicator_type,short_name,measure) VALUES
('2022-01-27 11:56:43.906','Массовая доля оксида железа, Fe2O3',NULL,'360','CHEMICAL','Fe2O3','%'),
('2022-01-27 11:56:43.906','Массовая доля оксида фосфора, P2O5',NULL,'361','CHEMICAL','P2O5','%'),
('2022-01-27 11:56:43.906','Массовая доля оксида калия, K2O',NULL,'362','CHEMICAL','K2O','%'),
('2022-01-27 11:56:43.906','Массовая доля оксида натрия, Na2O',NULL,'363','CHEMICAL','Na2O','%'),
('2022-01-27 11:56:43.906','Массовая доля оксида титана, TiO2',NULL,'364','CHEMICAL','TIO2','%'),
('2022-01-27 11:56:43.906','Рассев, более 5 мм',NULL,'365','PHYSICAL','>5мм','%'),
('2022-01-27 11:56:43.906','Рассев, менее 4 мм',NULL,'366','PHYSICAL','<4мм','%'),
('2022-01-27 11:56:43.906','Рассев, более 4 мм',NULL,'367','PHYSICAL','>4мм','%'),
('2022-01-27 11:56:43.906','Рассев, более 80 кг',NULL,'368','PHYSICAL','>80кг','%'),
('2022-01-27 11:56:43.906','Рассев, более 60 кг',NULL,'369','PHYSICAL','>60кг','%');
INSERT INTO quality_indicator (ins_time,"name",upd_time,code,quality_indicator_type,short_name,measure) VALUES
('2022-01-27 11:56:43.906','Рассев, более 40 кг',NULL,'370','PHYSICAL','>40кг','%'),
('2022-01-27 11:56:43.906','Рассев, менее 25 кг',NULL,'371','PHYSICAL','<25кг','%'),
('2022-01-27 11:56:43.906','Рассев, более 10 кг',NULL,'372','PHYSICAL','>10кг','%'),
('2022-01-27 11:56:43.906','Рассев, менее 10 кг',NULL,'373','PHYSICAL','<10кг','%'),
('2022-01-27 11:56:43.906','Рассев, более 5 кг',NULL,'374','PHYSICAL','>5кг','%'),
('2022-01-27 11:56:43.906','Рассев, менее 5 кг',NULL,'375','PHYSICAL','<5кг','%'),
('2022-01-27 11:56:43.906','Рассев, более 4 кг',NULL,'376','PHYSICAL','>4кг','%'),
('2022-01-27 11:56:43.906','Рассев, менее 4 кг',NULL,'377','PHYSICAL','<4кг','%'),
('2022-01-27 11:56:43.906','Железо общее, %',NULL,'378','CHEMICAL','Fe общ.','%'),
('2022-01-27 11:56:43.906','Потери при прокаливании',NULL,'379','PHYSICAL','П.П.П.','');
INSERT INTO quality_indicator (ins_time,"name",upd_time,code,quality_indicator_type,short_name,measure) VALUES
('2022-01-27 11:56:43.906','Основность',NULL,'380','CHEMICAL','Осн.',''),
('2022-01-27 11:56:43.906','Барабан Рубина',NULL,'381','PHYSICAL','Бар.Руб.','%'),
('2022-01-27 11:56:43.906','Вес пробы',NULL,'382','PHYSICAL','Вес пр.','кг'),
('2022-01-27 11:56:43.906','Фракция 0-3 мм',NULL,'383','PHYSICAL','кл. 0-3мм','%'),
('2022-01-27 11:56:43.906','Прочность агломерата (X+5)',NULL,'384','PHYSICAL','X+5','%'),
('2022-01-27 11:56:43.906','Механическая прочность М40',NULL,'385','PHYSICAL','М40','%'),
('2022-01-27 11:56:43.906','Рассев по классам, 10-70мм',NULL,'386','PHYSICAL','кл. 10-70мм','%'),
('2022-01-27 11:56:43.906','Рассев, более 90мм',NULL,'387','PHYSICAL','>90мм','%'),
('2022-01-27 11:56:43.906','Рассев по классам, 20-90мм',NULL,'388','PHYSICAL','кл. 20-90мм','%'),
('2022-01-27 11:56:43.906','Рассев, менее 40 мм',NULL,'389','PHYSICAL','<40мм','%');
INSERT INTO quality_indicator (ins_time,"name",upd_time,code,quality_indicator_type,short_name,measure) VALUES
('2022-01-27 11:56:43.906','Массовая доля оксида ванадия, V2O5',NULL,'390','CHEMICAL','V2O5','%'),
('2022-01-27 11:56:43.906','Fe мет',NULL,'404','CHEMICAL','Fe мет','%'),
('2022-01-27 11:56:43.906','Массовая доля оксида цинка, ZnO',NULL,'391','CHEMICAL','ZnO','%'),
('2022-01-27 11:56:43.906','Массовая доля вольфрама, W',NULL,'9074','CHEMICAL','W','%'),
('2022-01-27 11:56:43.906','Массовая доля двойной оксид железа, Fe3O4',NULL,'392','CHEMICAL','Fe3O4','%'),
('2022-01-27 11:56:43.906','Фракция max',NULL,'393','PHYSICAL','Фр. max','%'),
('2022-01-27 11:56:43.906','Фракция min',NULL,'394','PHYSICAL','Фр. min','%'),
('2022-01-27 11:56:43.906','Массовая доля фторида кальция, CaF2',NULL,'395','CHEMICAL','CaF2','%'),
('2022-01-27 11:56:43.906','Массовая доля карбоната кальция, CaCO3',NULL,'396','CHEMICAL','CaCO3','%'),
('2022-01-27 11:56:43.906','Массовая доля оксида марганца, MnO2',NULL,'397','CHEMICAL','MnO2','%');
INSERT INTO quality_indicator (ins_time,"name",upd_time,code,quality_indicator_type,short_name,measure) VALUES
('2022-01-27 11:56:43.906','Класс менее 5 мм',NULL,'407','PHYSICAL','Кл.-5мм','%'),
('2022-01-27 11:56:43.906','Влага аналитическая',NULL,'429','CHEMICAL','W-a','%'),
('2022-01-27 11:56:43.906','Влага рабочая',NULL,'430','CHEMICAL','W-t','%'),
('2022-01-27 11:56:43.906','Вес металлической пробы',NULL,'428','PHYSICAL','Вес пробы мет.','кг'),
('2022-01-27 11:56:43.906','Массовая доля в % - класс +10мм',NULL,'189','PHYSICAL','Массовая доля в % - класс +10мм','кг');
