-------------material_resource-------------------
INSERT INTO material_resource (ins_time,"name",upd_time,code,short_name,full_name,is_generic,short_name_for_shift_report,source_transport_code,source_axapta_code,source_up_agp_code,source_lab_code,source_lifnr_code,inside_lode_code) VALUES
('2022-01-19 16:59:40.448','Оксид железа',NULL,'OKSID_ZHEL_CH_X','Оксид железа','Оксид железа ЦХПП, ЦДС',false,'Оксид','41',NULL,'69','Оксид железа',NULL,'41'),
('2022-01-19 16:59:40.448','Скрап стальной фр. 0-10 мм',NULL,'CPMSH_SKRST0_10','Скрап стальной','Скрап стальной фр. 0-10 мм ЦПМШ',false,'Скрап','58',NULL,'24','СКРАП СТАЛЬНОЙ',NULL,'151'),
('2022-01-19 16:59:40.448','Скрап стальной 25А2 фр. 0-10мм',NULL,'000000000000567947','Скрап стальной','Скрап стальной',false,'Скрап','151',NULL,'26','СКРАП СТАЛЬНОЙ',NULL,'151'),
('2022-01-19 16:59:40.448','Концентрат железорудный',NULL,'000000000000678997','Концентрат железорудный','Концентрат железорудный ОАО "ЛЕБЕДИНСКИЙ ГОК"',false,'К-т ЛебГОК','240',NULL,'304','Концентрат железорудный агломерационный',NULL,'240'),
('2022-01-19 16:59:40.448','Концентрат железорудный',NULL,'000000000000717007','Концентрат железорудный','Концентрат железорудный КОВДОРСКИЙ ГОК',false,'К-т КовГОК','240',NULL,'305','Концентрат железорудный агломерационный',NULL,'240'),
('2022-01-19 16:59:40.448','Концентрат железорудный',NULL,'000000000000836221','Концентрат железорудный','Концентрат железорудный ОАО "МИХАЙЛОВСКИЙ ГОК"',false,'К-т МихГОК','240',NULL,'303','Концентрат железорудный агломерационный',NULL,'240'),
('2022-01-19 16:59:40.448','Концентрат железорудный',NULL,'OGP_040','Концентрат железорудный','Концентрат железорудный ОАО "СТОЙЛЕНСКИЙ ГОК"',false,'К-т СГОК','141092',NULL,'32','Концентрат железорудный агломерационный',NULL,'240'),
('2022-01-19 16:59:40.448','Руда марганцевая сорт 1 фр. 0-1мм',NULL,'000000000000628179','Руда марганцевая фр. 0-1 мм','Руда марганцевая 0-1мм Украина ООО "Энергомашкомплект"',false,'Руда Марг.','142061',NULL,'22','РУДА МАРГАНЦЕВАЯ',NULL,'166'),
('2022-01-19 16:59:40.448','Руда марганцевая сорт 1 фр. 1-10мм',NULL,'000000000000635654','Руда марганцевая фр. 0-10 мм','Руда марганцевая 1-10мм Украина ООО "Энергомашкомплект"',false,'Руда Марг.','142061',NULL,'22','РУДА МАРГАНЦЕВАЯ',NULL,'166'),
('2022-01-19 16:59:40.448','Руда марганцевая сорт 1 фр. 0-8мм',NULL,'000000000000554571','Руда марганцевая','Руда марганцевая 0-8мм ООО "Логистический сервис"',false,'Руда Марг.','142061',NULL,'22','РУДА МАРГАНЦЕВАЯ',NULL,'166');
INSERT INTO material_resource (ins_time,"name",upd_time,code,short_name,full_name,is_generic,short_name_for_shift_report,source_transport_code,source_axapta_code,source_up_agp_code,source_lab_code,source_lifnr_code,inside_lode_code) VALUES
('2022-01-19 16:59:40.448','Руда марганцевая сорт 1 фр. 0-10мм',NULL,'000000000000628178','Руда марганцевая','Руда марганцевая 1 0-10мм ТОО "АРМАН 100"',false,'Руда Марг.','142061',NULL,'22','РУДА МАРГАНЦЕВАЯ',NULL,'166'),
('2022-01-19 16:59:40.448','Концентрат марганцевой руды',NULL,'000000000000754833','Концентрат марганцевой руды','Концентрат марганцевой руды',false,'Руда Марг.','142038',NULL,'22','РУДА МАРГАНЦЕВАЯ',NULL,'166'),
('2022-01-19 16:59:40.448','Руда марганцевая сорт 2С ММ-2-1 фр. 0-10мм',NULL,'000000000000663695','Руда марганцевая','Руда марганцевая АО ЖАЙРЕМСКИЙ ГОК ЖОМАТ',false,'Руда Марг.','142061',NULL,'22','РУДА МАРГАНЦЕВАЯ',NULL,'166'),
('2022-01-19 16:59:40.448','Пыль колошниковая',NULL,'PYL_KOLOSH_X','Пыль колошниковая','Пыль колошниковая ДЦ-1,2',false,'Кол. пыль','45',NULL,'43','ПЫЛЬ КОЛОШНИКОВАЯ',NULL,'45'),
('2022-01-19 16:59:40.448','Шлам прудов шламонакопителя (КОШ)',NULL,'CPMSH_SHLAM_KOSH','Шлам прудов шламонакопителя (КОШ)','Шлам прудов шламонакопителя (КОШ) ЦПМШ',false,'Шлам КОШ','258',NULL,'185','Шлам прудов шламонак.(КОШ)',NULL,'258'),
('2022-01-19 16:59:40.448','Шлам шламонакопителей (карты)',NULL,'SHLAM_SHLAMONAK_X','Шлам шламонакопителей (карты)','Шлам шламонакопителей (карты) ЦПМШ',false,'Шлам Карта','257',NULL,'184','Шлам шламонакопителей(карта)',NULL,'257'),
('2022-01-19 16:59:40.448','Шлам отвальный',NULL,'AGP_SHLAM_OTVAL','Шлам отвальный','Шлам отвальный АГЦ',false,'Шлам отв.','256',NULL,'187','Шлам отвальный',NULL,'256'),
('2022-01-19 16:59:40.448','Пыль аспирационная ш/п',NULL,'PYL_ASPIR_HP','Пыль аспирационная ш/п','Пыль аспирационная ш/п ДЦ-2',false,'Асп. пыль','46',NULL,'42','ПЫЛЬ АСПИРАЦИОННАЯ',NULL,'46'),
('2022-01-19 16:59:40.448','Руда железная агломерационная',NULL,'000000000000676168','Руда железная','Руда железная ООО "Металл-групп"',false,'Руда М.групп',NULL,NULL,'19','Руда железная агломерационная',NULL,'132'),
('2022-01-19 16:59:40.448','Руда железная агломерационная',NULL,'OGP_030','Руда железная','Руда железная ОАО "СТОЙЛЕНСКИЙ ГОК"',false,'Руда СГОК','141139',NULL,'19','Руда железная агломерационная',NULL,'132');
INSERT INTO material_resource (ins_time,"name",upd_time,code,short_name,full_name,is_generic,short_name_for_shift_report,source_transport_code,source_axapta_code,source_up_agp_code,source_lab_code,source_lifnr_code,inside_lode_code) VALUES
('2022-01-19 16:59:40.448','Агломерат высокоосновный',NULL,'AGL_OSN','Агломерат высокоосновный','Агломерат высокоосновный АГЦ',false,'',NULL,NULL,'87','Высокосновный агломерат',NULL,'77'),
('2022-01-19 16:59:40.448','Агломерат промывочный',NULL,'AGP_AGL_PR','Агломерат промывочный','Агломерат промывочный АГЦ',false,'','2',NULL,'10','АГЛОМЕРАТ ПРОМЫВОЧНЫЙ',NULL,'2'),
('2022-01-19 16:59:40.448','Агломерат доменный',NULL,'AGP_AGL_OFL','Агломерат','Агломерат офлюсованный доломитизированный АГЦ',false,'','1',NULL,'9','АГЛОМЕРАТ ОФЛЮСОВАННЫЙ',NULL,'1'),
('2022-01-19 16:59:40.448','Отсев агломерата',NULL,'DP_OTS_AGLM_X','Отсев агломерата','Отсев агломерата ДЦ-1,2',false,'Отс. агл-та','33',NULL,'88','ОТСЕВ АГЛОМЕРАТА ДЦ-1',NULL,'33'),
('2022-01-19 16:59:40.448','Окалина 27А',NULL,'000000000000627776','Окалина 27А','Окалина 27А',false,'Окал. Р.','316092',NULL,'68','Окалина',NULL,'39'),
('2022-01-19 16:59:40.448','Окалина',NULL,'CPMSH_OKALIN_X','Окалина','Окалина ЦПМШ',false,'Окал.','261',NULL,'68','Окалина',NULL,'261'),
('2022-01-19 16:59:40.448','Окалина железная',NULL,'OKALINA_ZHEL_X','Окалина железная','Окалина железная ЦГП',false,'Окал.','259',NULL,'68','Окалина',NULL,'259'),
('2022-01-19 16:59:40.448','Окалина крупной фракции',NULL,'OKAL_KR_FR','Окалина УНРС КЦ-1,2 (кр. фр.)','Окалина УНРС КЦ-1,2 (кр. фр.) ЦПМШ',false,'Окал.','260',NULL,'98','Окалина крупная УНРС КЦ-1,2',NULL,'260'),
('2022-01-19 16:59:40.448','Окалина мелкая известкованная',NULL,'AGP_OKAL_MEL_IZV_X1','Окалина известкованная замасл.','Окалина известкованная замасл. ЦПМШ стан 2000',false,'','264',NULL,'186','Окалина замасленная, известкованная УНРС КЦ-1,2',NULL,'264'),
('2022-01-19 16:59:40.448','Отсев окатышей',NULL,'DP_OTS_OKAT_X','Отсев окатышей','Отсев окатышей ДЦ-2',false,'Отс. окат.','33',NULL,'88','ОТСЕВ АГЛОМЕРАТА ДЦ-1',NULL,'33');
INSERT INTO material_resource (ins_time,"name",upd_time,code,short_name,full_name,is_generic,short_name_for_shift_report,source_transport_code,source_axapta_code,source_up_agp_code,source_lab_code,source_lifnr_code,inside_lode_code) VALUES
('2022-01-19 16:59:40.448','Отсев брикетов',NULL,'DP_OTS_BRIK_X','Отсев брикетов','Отсев брикетов ЦИБ',false,'Отс. брик.','286',NULL,'302','Отсев брикетов ЦИБ',NULL,'286'),
('2022-01-19 16:59:40.448','Известь С-1 0-20',NULL,'000000000000579311','Известь С-1 0-20','Известь С-1 0-20 ЗАО "КЛИНЦОВСКИЙ СИЛИКАТНЫЙ ЗАВОД"',false,'Из-ть','15',NULL,'62','Известь',NULL,'15'),
('2022-01-19 16:59:40.448','Камень извест.технологический С-1 фр. 20-60мм',NULL,'000000000000060260','Камень извест.технол. С-1 20-60','Камень извест.технол. С-1 20-60 ПАО "НЛМК"',false,'Изв-к','236',NULL,'63','Камень известняковый технологический',NULL,'236'),
('2022-01-19 16:59:40.448','Камень извест.технологический Ч-1 фр. 8-25мм',NULL,'000000000000060262','Камень извест.технол. Ч-1 фр. 8-25мм','Камень извест.технол.  Ч-1 8-25 ПАО "НЛМК"',false,'Изв-к','236',NULL,'63','Камень известняковый технологический',NULL,'236'),
('2022-01-19 16:59:40.448','Известь С-1 0-20',NULL,'000000000000587182','Известь С-1','Известь С-1 ЗАО ЕЛЕЦКИЙ ИЗВЕСТКОВЫЙ ЗАВОД',false,'Из-ть','15',NULL,'62','Известь',NULL,'15'),
('2022-01-19 16:59:40.448','Известь ОГЦ',NULL,'OGP_IZVEST','Известь','Известь ОГЦ',false,'Из-ть','15',NULL,'62','Известь',NULL,'15'),
('2022-01-19 16:59:40.448','Известь С-1 0-20',NULL,'000000000000581379','Известь С-1','Известь С-1 ОАО"ЭЛЬДАКО"',false,'Из-ть','15',NULL,'62','Известь',NULL,'15'),
('2022-01-19 16:59:40.448','Известняк марганцовистый фр. 0-6',NULL,'000000000000620464','Известняк марганцовистый 0-6','Известняк марганцовистый 0-6 ООО БАШМИНЕРАЛРЕСУРС',false,'Из-к Марг.','291035',NULL,'183','Марганцовистый известняк',NULL,'255'),
('2022-01-19 16:59:40.448','Отсев доломита',NULL,'OGP_OTS_DOL_X','Отсев доломита','Отсев доломита ОГЦ',false,'Отс. дол-та','239',NULL,'70','Отсев доломита',NULL,'239'),
('2022-01-19 16:59:40.448','Отсев известняка',NULL,'OGP_OTS_IZVESTN_X','Отсев известняка','Отсев известняка ОГЦ',false,'Отс. изв-ка','35',NULL,'71','Отсев известняка',NULL,'35');
INSERT INTO material_resource (ins_time,"name",upd_time,code,short_name,full_name,is_generic,short_name_for_shift_report,source_transport_code,source_axapta_code,source_up_agp_code,source_lab_code,source_lifnr_code,inside_lode_code) VALUES
('2022-01-19 16:59:40.448','Отсев извести',NULL,'KC_OTS_IZVЕST','Отсев извести','Отсев извести КЦ-2',false,'Отс. из-ти','208',NULL,'92','Отсев извести',NULL,'208'),
('2022-01-19 16:59:40.448','Доломит ДФ-10  фр. 10-60',NULL,'000000000000793600','Доломит фр. 10-60 мм','Доломит фр. 10-60 мм ОАО Доломит',false,'Дол-т','12',NULL,'60','Доломит сырой',NULL,'12'),
('2022-01-19 16:59:40.448','Доломит ДФ-10 фр. 10-90 мм',NULL,'000000000000687513','Доломит фр. 10-90 мм','Доломит фр. 10-90 мм ОАО Доломит',false,'Дол-т','12',NULL,'60','Доломит сырой',NULL,'12'),
('2022-01-19 16:59:40.448','Доломит ДФ-10 фр. 5-60 мм',NULL,'000000000000818583','Доломит фр. 5-60 мм','Доломит фр. 5-60 мм ОАО Доломит',false,'Дол-т','12',NULL,'60','Доломит сырой',NULL,'12'),
('2022-01-19 16:59:40.448','Доломит данковский ДФ-20 фр. 20-90мм',NULL,'000000000000056097','Доломит ДФ-20','Доломит ДФ-20 ОАО Доломит',false,'Дол-т','12',NULL,'60','Доломит сырой',NULL,'12'),
('2022-01-19 16:59:40.448','Доломит данковский ДО-20',NULL,'000000000000562476','Доломит ДО-20','Доломит ДО-20 ОАО Доломит',false,'Дол-т','12',NULL,'60','Доломит сырой',NULL,'12'),
('2022-01-19 16:59:40.448','Доломит обожжённый',NULL,'OGP_DOL_OBOZH','Доломит обожжённый','Доломит обожжённый ОГЦ',false,'Д-т. обож.','238',NULL,'116','Обожженный доломит',NULL,'238'),
('2022-01-19 16:59:40.448','Щебень для агломерации фр.0-10 мм',NULL,'SHB_ST_AGL_0_10','Щебень','Щебень ЦПМШ',false,'Щебень','72',NULL,'81','Щебень',NULL,'72'),
('2022-01-19 16:59:40.448','Фракция кокса более 15 мм (ФК-2)',NULL,'AGP_FR_KOKS_15_B','Фракция кокса ФК-2 (>15 мм)','Фракция кокса ФК-2 (>15 мм) АГЦ',false,'','217',NULL,'108','Фракция кокса > 15 мм (ФК-2)',NULL,'217'),
('2022-01-19 16:59:40.448','Фракция кокса более 20 мм (ФК-3)',NULL,'AGP_FR_KOKS_20_B','Фракция кокса ФК-3 (>20 мм)','Фракция кокса ФК-3 (>20 мм) АГЦ',false,'','218',NULL,'109','Фракция кокса > 20 мм (ФК-3)',NULL,'218');
INSERT INTO material_resource (ins_time,"name",upd_time,code,short_name,full_name,is_generic,short_name_for_shift_report,source_transport_code,source_axapta_code,source_up_agp_code,source_lab_code,source_lifnr_code,inside_lode_code) VALUES
('2022-01-19 16:59:40.448','Фракция кокса более 25 мм (ФК-4)',NULL,'GP_FR_KOKS_25_B','Фракция кокса ФК-4 (>25 мм)','Фракция кокса ФК-4 (>25 мм) АГЦ',false,'','283',NULL,'299','Фракция кокса > 20 мм (ФК-4)',NULL,'283'),
('2022-01-19 16:59:40.448','Мелочь кокса фр. 10 мм',NULL,'KHP_MEL_KOKS2','Мелочь коксовая','Мелочь коксовая КХЦ',false,'К.м.','171100',NULL,'1','МЕЛОЧЬ КОКСОВАЯ',NULL,'17'),
('2022-01-19 16:59:40.448','Отсев кокса мокрого тушения',NULL,'FSC_OTS_KOKS','Отсев кокса мокрого тушения','Отсев кокса мокрого тушения ФСЦ',false,'К.м.','171100',NULL,'1','МЕЛОЧЬ КОКСОВАЯ',NULL,'17'),
('2022-01-19 16:59:40.448','Отсев кокса покупного фр. 0-10 мм',NULL,'DP_OTS_KOKS_0_10','Отсев кокса покупного фр. 0-10 мм','Отсев кокса покупного фр. 0-10 мм КХЦ',false,'К.м.','171100',NULL,'1','МЕЛОЧЬ КОКСОВАЯ',NULL,'17'),
('2022-01-19 16:59:40.448','Отсев кокса фр.0-10 мм',NULL,'OTS_KOKS_0_10_KH','Отсев кокса фр. 0-10 мм','Отсев кокса фр. 0-10 мм КХЦ',false,'К.м.','171100',NULL,'1','МЕЛОЧЬ КОКСОВАЯ',NULL,'17'),
('2022-01-19 16:59:40.448','Мелочь коксовая фр. 0-10 мм',NULL,'KHP_KOKS_MEL_VR','Мелочь коксовая фр. 0-10 мм','Мелочь коксовая фр. 0-10 мм Алтай-кокс',false,'К.м. Алтай','171100','08','1','МЕЛОЧЬ КОКСОВАЯ',NULL,'17'),
('2022-01-19 16:59:40.448','Фракция кокса 0 - 15 мм (ФК-0/2)',NULL,'AGP_FR_KOKS_0_20','Фракция кокса ФК 0/2 (< 20мм)','Фракция кокса ФК 0/2 (< 20мм) АГЦ',false,'',NULL,NULL,NULL,NULL,NULL,''),
('2022-01-19 16:59:40.448','Фракция кокса 0 - 15 мм (ФК-0/1)',NULL,'AGP_FR_KOKS_0_15','Фракция кокса ФК-0/1 (< 15мм)','Фракция кокса ФК-0/1 (< 15мм) АГЦ',false,'',NULL,NULL,NULL,NULL,NULL,''),
('2022-01-19 16:59:40.448','Отсев кокса',NULL,'OTS_KOKS_MELOCH','Отсев кокса','Отсев кокса ДЦ-1,2',false,'К.м.','32',NULL,'40','ОТСЕВ КОКСА',NULL,'32'),
('2022-01-19 16:59:40.448','Фракция кокса 0 - 25 мм (ФК-0/3)',NULL,'AGP_FR_KOKS_0_25','Фракция кокса 0-25 мм (ФК-0/3)','Фракция кокса 0-25 мм (ФК-0/3) АГЦ',false,'',NULL,NULL,NULL,NULL,NULL,'');
INSERT INTO material_resource (ins_time,"name",upd_time,code,short_name,full_name,is_generic,short_name_for_shift_report,source_transport_code,source_axapta_code,source_up_agp_code,source_lab_code,source_lifnr_code,inside_lode_code) VALUES
('2022-01-19 16:59:40.448','Антрацит фр. 0-25 мм',NULL,'000000000000724924','Антрацит фр. 0-25 мм','Антрацит фр. 0-25 мм ООО "Печорская горная компания"',false,'Антрацит','276',NULL,'118','Антрацит',NULL,'276'),
('2022-01-19 16:59:40.448','Антрацит фр. 13-25 мм',NULL,'000000000000747793','Антрацит фр. 13-25 мм','Антрацит фр. 13-25 мм ООО "Печорская горная компания"',false,'Антрацит','276',NULL,'118','Антрацит',NULL,'276'),
('2022-01-19 16:59:40.448','Кокс фр. 10-25 мм',NULL,'DP_OTS_KOKS_10_25','Кокс фр. 10-25 мм','Кокс фр. 10-25 мм КХЦ',false,'К.м.','18','07','2','ОРЕШЕК КОКСОВЫЙ',NULL,'244'),
('2022-01-19 16:59:40.448','Орешек коксовый фр. 10-25 мм',NULL,'KHP_OR_KOKS','Орешек коксовый фр. 10-25 мм','Орешек коксовый фр. 10-25 мм Алтай-кокс',false,'К.м. Алтай','171115',NULL,'2','ОРЕШЕК КОКСОВЫЙ',NULL,'244'),
('2022-01-19 16:59:40.448','Орешек коксовый фр.10-25 мм ВР',NULL,'KHP_ORESH_10_25_V','Орешек коксовый фр.10-25 мм ВР','Орешек коксовый фр.10-25 мм ВР Алтай-кокс',false,'К.м. Алтай','171115','01','2','ОРЕШЕК КОКСОВЫЙ',NULL,'244'),
('2022-01-19 16:59:40.448','Кокс металлургический +25мм',NULL,'KHP_KOKS_MET','Кокс металлургический фр. +25 мм','Кокс металлургический фр. +25 мм Алтай-кокс',false,'К.м.','171030',NULL,'3','КОКС МЕТАЛЛУРГИЧЕСКИЙ',NULL,'207'),
('2022-01-19 16:59:40.448','Глинопорошок (добавка ИПС-1)',NULL,'000000000000815957','Глинопорошок (добавка ИПС-1)','Глинопорошок (добавка ИПС-1) ООО "Бентонит"',false,'',NULL,NULL,'300',NULL,NULL,''),
('2022-01-19 16:59:40.448','Скрап стальной фр. 0-10 мм (от ТТО)',NULL,'SKR_ST_TTO_0_10','Скрап стальной','Скрап стальной фр. 0-10 мм (от ТТО) ЦПМШ',false,'Скрап','58',NULL,'26','СКРАП СТАЛЬНОЙ',NULL,'151'),
('2022-01-19 16:59:40.448','Скрап стальной фр. 0-10 мм (ОБОГАЩЕН.)',NULL,'SKR_ST_OB_0_10','Скрап стальной','Скрап стальной фр. 0-10 мм (ОБОГАЩЕН.) ЦПМШ',false,'Скрап','58',NULL,'26','СКРАП СТАЛЬНОЙ',NULL,'151'),
('2022-01-19 16:59:40.448','Скрап стальной фр. 0-10 мм (ОТХ.ДРОБИ МЕТ)',NULL,'CPMSH_SKRDR0_10_OT','Скрап стальной','Скрап стальной фр. 0-10 мм (ОТХ.ДРОБИ МЕТ) ЦПМШ',false,'Скрап','58',NULL,'26','СКРАП СТАЛЬНОЙ',NULL,'151');
INSERT INTO material_resource (ins_time,"name",upd_time,code,short_name,full_name,is_generic,short_name_for_shift_report,source_transport_code,source_axapta_code,source_up_agp_code,source_lab_code,source_lifnr_code,inside_lode_code) VALUES
('2022-01-19 16:59:40.448','Пыль аспирационная',NULL,'PYL_ASPIR_X','Пыль аспирационная','Пыль аспирационная ДЦ-1,2',false,'Асп. пыль','46',NULL,'42','ПЫЛЬ АСПИРАЦИОННАЯ',NULL,'46'),
('2022-01-19 16:59:40.448','Руда железная агломерационная (сорт Б)',NULL,'OGP_031','Руда железная','Руда железная агломерационная (сорт Б) Стойленский ГОК',false,'Руда СГОК',NULL,NULL,'19','Руда железная агломерационная',NULL,'132'),
('2022-01-19 16:59:40.448','Окалина мелкая известкованная',NULL,'AGP_OKAL_MEL_IZV_X2','Окалина известкованная замасл. УНРС КЦ-1','Окалина известкованная замасл.УНРС КЦ-1',false,'Окал.','262',NULL,'97','Окалина замасленная, известкованная УНРС КЦ-1,2',NULL,'262'),
('2022-01-19 16:59:40.448','Окалина мелкая известкованная',NULL,'AGP_OKAL_MEL_IZV_X3','Окалина известкованная замасл.УНРС КЦ-2','Окалина известкованная замасл.УНРС КЦ-2',false,'Окал.','263',NULL,'97','Окалина замасленная, известкованная УНРС КЦ-1,2',NULL,'263'),
('2022-01-19 16:59:40.448','Руда марганцевая',NULL,'MES_01','Руда марганцевая','Руда марганцевая Украина ООО "Энергомашкомплект"',true,'Руда Марг.','142061',NULL,'22','РУДА МАРГАНЦЕВАЯ',NULL,'166'),
('2022-01-19 16:59:40.448','Камень извест.технологический',NULL,'MES_02','Камень извест.технол.','Камень известняковый технологический ПАО "НЛМК"',true,'Изв-к','241337',NULL,'63','Камень известняковый технологический',NULL,'236'),
('2022-01-19 16:59:40.448','Доломит',NULL,'MES_03','Доломит','Доломит',true,'Дол-т','291020',NULL,'60','Доломит сырой',NULL,'12'),
('2022-01-19 16:59:40.448','Мелочь коксовая',NULL,'MES_04','Мелочь коксовая','Мелочь коксовая',true,'К.м.','171100',NULL,'1','МЕЛОЧЬ КОКСОВАЯ',NULL,'17'),
('2022-01-19 16:59:40.448','Антрацит',NULL,'MES_05','Антрацит','Антрацит ООО "Печорская горная компания"',true,'Антрацит','276',NULL,'118','Антрацит',NULL,'276'),
('2022-01-19 16:59:40.448','Орешек коксовый',NULL,'MES_06','Орешек коксовый','Орешек коксовый Алтай-кокс',true,'К.м. Алтай','171115',NULL,'2','ОРЕШЕК КОКСОВЫЙ',NULL,'244');
INSERT INTO material_resource (ins_time,"name",upd_time,code,short_name,full_name,is_generic,short_name_for_shift_report,source_transport_code,source_axapta_code,source_up_agp_code,source_lab_code,source_lifnr_code,inside_lode_code) VALUES
('2022-01-19 16:59:40.448','Скрап стальной',NULL,'MES_07','Скрап стальной','Скрап стальной ЦПМШ',true,'Скрап','151',NULL,'26','СКРАП СТАЛЬНОЙ',NULL,'151'),
('2022-01-19 16:59:40.448','Железорудная смесь',NULL,'61','Железорудная смесь','Железорудная смесь АГЦ',false,'',NULL,NULL,'61','Железорудная смесь',NULL,''),
('2022-01-19 16:59:40.448','Смеси руд',NULL,'77','Смеси руд','Смеси руд АГЦ',false,'',NULL,NULL,'77','Смеси руд',NULL,''),
('2022-01-19 16:59:40.448','Смеси флюсов',NULL,'78','Смеси флюсов','Смеси флюсов АГЦ',false,'',NULL,NULL,'78','Смеси флюсов',NULL,''),
('2022-01-19 16:59:40.448','Возврат',NULL,'99','Возврат','Возврат АГЦ',false,'',NULL,NULL,'99','Возврат',NULL,''),
('2022-01-19 16:59:40.448','Топливная смесь',NULL,'101','Топливная смесь','Топливная смесь АГЦ',false,'',NULL,NULL,'101','Топливная смесь',NULL,''),
('2022-01-19 16:59:40.448','Возврат смеси флюсов',NULL,'301','Возврат смеси флюсов','Возврат смеси флюсов АГЦ',false,'',NULL,NULL,'301','Возврат смеси флюсов',NULL,''),
('2022-01-19 16:59:40.448','Руда железная агломерационная',NULL,'MES_08','Руда железная агломерационная','Руда железная агломерационная',true,'Руда СГОК',NULL,NULL,'75','Руда железная агломерационная',NULL,'132'),
('2022-01-19 16:59:40.448','Пыль аспирационная',NULL,'MES_09','Пыль аспирационная','Пыль аспирационная',true,'Асп. пыль','46',NULL,'42','ПЫЛЬ АСПИРАЦИОННАЯ',NULL,'46'),
('2022-01-19 16:59:40.448','Известь',NULL,'MES_10','Известь','Известь',true,'Из-ть','15',NULL,'62','Известь',NULL,'15');
INSERT INTO material_resource (ins_time,"name",upd_time,code,short_name,full_name,is_generic,short_name_for_shift_report,source_transport_code,source_axapta_code,source_up_agp_code,source_lab_code,source_lifnr_code,inside_lode_code) VALUES
('2022-01-19 16:59:40.448','Окалина',NULL,'MES_11','Окалина','Окалина',true,'Окал.',NULL,NULL,'68','Окалина',NULL,''),
('2022-01-19 16:59:40.448','Отсев агломерата ДЦ-1',NULL,'MES_12','Отсев агломерата ДЦ-1','Отсев агломерата ДЦ-1',true,'Отс. агл-та','33',NULL,'88','ОТСЕВ АГЛОМЕРАТА ДЦ-1',NULL,'33'),
('2022-01-19 16:59:40.448','Агломерат',NULL,'MES_14','Агломерат','Агломерат АГЦ',true,'',NULL,NULL,'82','Агломерат',NULL,''),
('2022-01-19 16:59:40.448','ШЛАКИ МЕТАЛЛУРГ.ДЛЯ ПЕРЕПЛ. НЕ ПОИМ.В АЛФАВИТЕ',NULL,'RKO_01','ШЛАКИ МЕТАЛЛУРГ.ДЛЯ ПЕРЕПЛ. НЕ ПОИМ.В АЛФАВИТЕ','ШЛАКИ МЕТАЛЛУРГ.ДЛЯ ПЕРЕПЛ. НЕ ПОИМ.В АЛФАВИТЕ ППЖТ',false,'Скрап Б.','210',NULL,'26','ШЛАКИ МЕТАЛЛУРГ.ДЛЯ ПЕРЕПЛ. НЕ ПОИМ.В АЛФАВИТЕ',NULL,'210'),
('2022-01-19 16:59:40.448','ШЛАКИ МЕТАЛЛУРГ.ДЛЯ ПЕРЕПЛ. НЕ ПОИМ.В АЛФАВИТЕ',NULL,'567947','ШЛАКИ МЕТАЛЛУРГ.ДЛЯ ПЕРЕПЛ. НЕ ПОИМ.В АЛФАВИТЕ','ШЛАКИ МЕТАЛЛУРГ.ДЛЯ ПЕРЕПЛ. НЕ ПОИМ.В АЛФАВИТЕ ООО РУБЕЖ В',false,'Скрап Р.','341089',NULL,'26','ШЛАКИ МЕТАЛЛУРГ.ДЛЯ ПЕРЕПЛ. НЕ ПОИМ.В АЛФАВИТЕ',NULL,'341089'),
('2022-01-19 16:59:40.448','Шихта',NULL,'79','Шихта','Шихта АГЦ',false,'',NULL,NULL,'79','Шихта',NULL,''),
('2022-01-19 16:59:40.448','Шлам',NULL,'80','Шлам','Шлам АГЦ',false,'',NULL,NULL,'80','Шлам',NULL,''),
('2022-01-19 16:59:40.448','Агломерат вагонный',NULL,'83','Агломерат вагонный','Агломерат вагонный',false,'',NULL,NULL,'83','Агломерат вагонный',NULL,''),
('2022-01-19 16:59:40.448','Скрап лом',NULL,'SKR_LOM_PR1_0_10','Скрап лом','Скрап лом ЦПМШ',false,'Скрап','278',NULL,'297','СКРАП (ЛОМ)',NULL,'278'),
('2022-01-19 16:59:40.448','Окалина Барс',NULL,'000000000000882807','Окалина','Окалина ООО Барс',false,'Окал. Б.','316092',NULL,'68','Окалина',NULL,'39');
INSERT INTO material_resource (ins_time,"name",upd_time,code,short_name,full_name,is_generic,short_name_for_shift_report,source_transport_code,source_axapta_code,source_up_agp_code,source_lab_code,source_lifnr_code,inside_lode_code) VALUES
('2022-01-19 16:59:40.448','Окалина замасленная, известкованная УНРС КЦ-1,2',NULL,'MES_13','Окалина замасл.,известк.УНРС КЦ-1,2','Окалина замасленная, известкованная УНРС КЦ-1,2',true,'Окал.','263',NULL,'97','Окалина замасленная, известкованная УНРС КЦ-1,2',NULL,'263');

---------------------supplier_material_resource-----------------------------------------------
INSERT INTO supplier_material_resource (material_resource_id,supplier_id,ins_time,upd_time) VALUES
(3,10,'2022-01-19 16:59:40.448',NULL),
(4,2,'2022-01-19 16:59:40.448',NULL),
(5,11,'2022-01-19 16:59:40.448',NULL),
(6,21,'2022-01-19 16:59:40.448',NULL),
(7,3,'2022-01-19 16:59:40.448',NULL),
(8,24,'2022-01-19 16:59:40.448',NULL),
(9,24,'2022-01-19 16:59:40.448',NULL),
(10,23,'2022-01-19 16:59:40.448',NULL),
(11,8,'2022-01-19 16:59:40.448',NULL),
(12,5,'2022-01-19 16:59:40.448',NULL);
INSERT INTO supplier_material_resource (material_resource_id,supplier_id,ins_time,upd_time) VALUES
(12,28,'2022-01-19 16:59:40.448',NULL),
(13,7,'2022-01-19 16:59:40.448',NULL),
(19,4,'2022-01-19 16:59:40.448',NULL),
(20,3,'2022-01-19 16:59:40.448',NULL),
(25,17,'2022-01-19 16:59:40.448',NULL),
(25,18,'2022-01-19 16:59:40.448',NULL),
(25,19,'2022-01-19 16:59:40.448',NULL),
(32,15,'2022-01-19 16:59:40.448',NULL),
(37,14,'2022-01-19 16:59:40.448',NULL),
(38,20,'2022-01-19 16:59:40.448',NULL);
INSERT INTO supplier_material_resource (material_resource_id,supplier_id,ins_time,upd_time) VALUES
(42,12,'2022-01-19 16:59:40.448',NULL),
(43,12,'2022-01-19 16:59:40.448',NULL),
(44,12,'2022-01-19 16:59:40.448',NULL),
(45,12,'2022-01-19 16:59:40.448',NULL),
(46,12,'2022-01-19 16:59:40.448',NULL),
(56,1,'2022-01-19 16:59:40.448',NULL),
(61,26,'2022-01-19 16:59:40.448',NULL),
(62,26,'2022-01-19 16:59:40.448',NULL),
(64,1,'2022-01-19 16:59:40.448',NULL),
(65,1,'2022-01-19 16:59:40.448',NULL);
INSERT INTO supplier_material_resource (material_resource_id,supplier_id,ins_time,upd_time) VALUES
(66,1,'2022-01-19 16:59:40.448',NULL),
(67,27,'2022-01-19 16:59:40.448',NULL),
(72,3,'2022-01-19 16:59:40.448',NULL),
(75,24,'2022-01-19 16:59:40.448',NULL),
(77,12,'2022-01-19 16:59:40.448',NULL),
(79,26,'2022-01-19 16:59:40.448',NULL),
(80,1,'2022-01-19 16:59:40.448',NULL),
(33,16,'2022-01-19 16:59:40.448',NULL),
(34,16,'2022-01-19 16:59:40.448',NULL),
(76,1,'2022-01-19 16:59:40.448',NULL);
INSERT INTO supplier_material_resource (material_resource_id,supplier_id,ins_time,upd_time) VALUES
(35,13,'2022-01-19 16:59:40.448',NULL),
(88,3,'2022-01-19 16:59:40.448',NULL),
(96,10,'2022-01-19 16:59:40.448',NULL),
(3,29,'2022-01-19 16:59:40.448',NULL),
(101,29,'2022-01-19 16:59:40.448',NULL),
(76,30,'2022-01-19 16:59:40.448',NULL),
(12,31,'2022-01-19 16:59:40.448',NULL);

-----------supplier---------------------
INSERT INTO supplier (ins_time,"name",upd_time,code,source_transport_code,source_axapta_code,source_up_agp_code,source_lab_code,structure_company_id,short_name,source_lifnr_code,inside_lode_code) VALUES
('2022-01-19 16:59:40.448','ПАО "АЛТАЙ-КОКС"',NULL,'650159','00188110','3010','650159','2517',NULL,'Алтай-кокс',NULL,NULL),
('2022-01-19 16:59:40.448','ОАО "ЛЕБЕДИНСКИЙ ГОК"',NULL,'308015','00186803',NULL,'308015',NULL,NULL,'ЛебГОК',NULL,NULL),
('2022-01-19 16:59:40.448','ОАО "СТОЙЛЕНСКИЙ ГОК"',NULL,'308019','00186826',NULL,'308019','901',NULL,'СГОК','1000000535',NULL),
('2022-01-19 16:59:40.448','ООО"МЕТАЛЛ-ГРУПП"',NULL,'58329644','58329644',NULL,'58329644',NULL,NULL,'Металл-групп',NULL,NULL),
('2022-01-19 16:59:40.448','ТОО ПЛАНЕТА ЭСА',NULL,'42','44404767',NULL,'42',NULL,NULL,'Планета ЭСА',NULL,NULL),
('2022-01-19 16:59:40.448','АЛАТАУ ТУМАР',NULL,'122','00000122',NULL,'122',NULL,NULL,'Алатау Тумар',NULL,NULL),
('2022-01-19 16:59:40.448','АО ЖАЙРЕМСКИЙ ГОК ЖОМАТ',NULL,'3875','00003875',NULL,'3875',NULL,NULL,'ЖГОК',NULL,NULL),
('2022-01-19 16:59:40.448','ТОО "АРМАН 100"',NULL,'9010','00009010',NULL,'9010',NULL,NULL,'Арман',NULL,NULL),
('2022-01-19 16:59:40.448','ТОО НУРАКЫЛ',NULL,'51464988','51464988',NULL,'51464988',NULL,NULL,'Нуракыл',NULL,NULL),
('2022-01-19 16:59:40.448','ООО РУБЕЖ В',NULL,'6488505','06488505',NULL,'6488505',NULL,NULL,'Рубеж В',NULL,NULL);
INSERT INTO supplier (ins_time,"name",upd_time,code,source_transport_code,source_axapta_code,source_up_agp_code,source_lab_code,structure_company_id,short_name,source_lifnr_code,inside_lode_code) VALUES
('2022-01-19 16:59:40.448','КОВДОРСКИЙ ГОК',NULL,'186759','00186759',NULL,'186759',NULL,NULL,'КовГОК',NULL,NULL),
('2022-01-19 16:59:40.448','ОАО "ДОЛОМИТ"',NULL,'398103','00186861',NULL,'398103',NULL,NULL,'ОАО Доломит',NULL,NULL),
('2022-01-19 16:59:40.448','ЗАО ЕЛЕЦКИЙ ИЗВЕСТКОВЫЙ ЗАВОД',NULL,'501965','05293998',NULL,'501965',NULL,NULL,'Елец',NULL,NULL),
('2022-01-19 16:59:40.448','ОАО"ЭЛЬДАКО"',NULL,'18856977','18856977',NULL,'18856977',NULL,NULL,'Эльдако',NULL,NULL),
('2022-01-19 16:59:40.448','ЗАО "КЛИНЦОВСКИЙ СИЛИКАТНЫЙ ЗАВОД"',NULL,'54528967','54528967',NULL,'54528967',NULL,NULL,'Клинцы',NULL,NULL),
('2022-01-19 16:59:40.448','ОАО "СТАГДОК"',NULL,'398336',NULL,NULL,'398336','2518',NULL,'Стагдок',NULL,NULL),
('2022-01-19 16:59:40.448','АКЦИОНЕРНОЕ ОБЩЕСТВО "НЛМК-УРАЛ"',NULL,'620237','55791017',NULL,'620237',NULL,NULL,'НЛМК-Урал',NULL,NULL),
('2022-01-19 16:59:40.448','ОАО НИЖНЕСЕРГИНСКИЙ МЕТИЗНО-МЕТАЛЛУРГИЧЕСКИЙ З-Д',NULL,'55791017','55791017',NULL,'55791017',NULL,NULL,'Нижнесергинск.завод',NULL,NULL),
('2022-01-19 16:59:40.448','ООО "НЛМК-КАЛУГА"',NULL,'72809061','72809061',NULL,'72809061',NULL,NULL,'НЛМК-Калуга',NULL,NULL),
('2022-01-19 16:59:40.448','ООО БАШМИНЕРАЛРЕСУРС',NULL,'38476082','38476082',NULL,'38476082',NULL,NULL,'Башминералресурс',NULL,NULL);
INSERT INTO supplier (ins_time,"name",upd_time,code,source_transport_code,source_axapta_code,source_up_agp_code,source_lab_code,structure_company_id,short_name,source_lifnr_code,inside_lode_code) VALUES
('2022-01-19 16:59:40.448','ОАО "МИХАЙЛОВСКИЙ ГОРНООБОГАТИТЕЛЬНЫЙ КОМБИНАТ"',NULL,'305018','00186849',NULL,'305018',NULL,NULL,'МихГОК',NULL,NULL),
('2022-01-19 16:59:40.448','ООО ВТОРЧЕРМЕТ',NULL,'14757669','14757669',NULL,'14757669','2404',NULL,'Вторчермет',NULL,NULL),
('2022-01-19 16:59:40.448','ООО ЛОГИСТИЧЕСКИЙ СЕРВИС',NULL,'37127416','37127416',NULL,'37127416',NULL,NULL,'ООО "Логистический сервис"',NULL,NULL),
('2022-01-19 16:59:40.448','ООО ЭНЕРГОМАШКОМПЛЕКТ',NULL,'10416150','10416150',NULL,'10416150',NULL,NULL,'ООО "Энергомашкомплект"',NULL,NULL),
('2022-01-19 16:59:40.448','ООО ПРИДОНХИМСТРОЙ ИЗВЕСТЬ',NULL,'121270','00121270',NULL,'121270',NULL,NULL,'ООО "Придонхимстрой известь"',NULL,NULL),
('2022-01-19 16:59:40.448','ООО"ПЕЧОРСКАЯ ГОРНАЯ КОМ,"',NULL,'29261902','29261902',NULL,'29261902',NULL,NULL,'ООО "Печорская горная компания"',NULL,NULL),
('2022-01-19 16:59:40.448','Общество с ограниченной ответственностью "Бенто',NULL,'1424676','01424676',NULL,'1424676',NULL,NULL,'ООО "Бентонит"',NULL,NULL),
('2022-01-19 16:59:40.448','ТОО "ПО-ТЕХНО"',NULL,'37','00000037',NULL,'37',NULL,NULL,'ПО-ТЕХНО',NULL,NULL),
('2022-01-19 16:59:40.448','ООО «Барс»',NULL,'567947','550',NULL,'550',NULL,NULL,'Барс',NULL,NULL),
('2022-01-19 16:59:40.448','ПАО Новолипецкий металлургический комбинат',NULL,'5757665','05757665',NULL,'5757665','378',NULL,'НЛМК',NULL,NULL);
INSERT INTO supplier (ins_time,"name",upd_time,code,source_transport_code,source_axapta_code,source_up_agp_code,source_lab_code,structure_company_id,short_name,source_lifnr_code,inside_lode_code) VALUES
('2022-01-19 16:59:40.448','ТОО GLOBAL MINING TECHNOLOGY',NULL,'99','00000099',NULL,'99',NULL,NULL,'ТОО GLOBAL MINING TECHNOLOGY',NULL,NULL);

----------------structure_company---------------------
INSERT INTO structure_company (id,ins_time,"name",upd_time,code,parent_id,short_name,source_transport_code,lab_code,source_axapta_code,source_up_agp_code,source_lab_code,structure_type,source_lifnr_code,inside_lode_code) VALUES
(2,'2022-01-19 16:59:40.448','Доменный цех №1',NULL,'1',1,'ДЦ-1','1','','','','1','Цех','',''),
(3,'2022-01-19 16:59:40.448','Доменный цех №2',NULL,'2',1,'ДЦ-2','2','','','','2','Цех','',''),
(4,'2022-01-19 16:59:40.448','Агломерационный цех',NULL,'18',1,'АГЦ','18','','','','19','Цех','',''),
(6,'2022-01-19 16:59:40.448','Коксохимический цех ',NULL,'22',1,'КХЦ','22','','','','24','Цех','',''),
(8,'2022-01-19 16:59:40.448','Лаборатория по контролю производства АГЦ',NULL,'8208',NULL,'ЛАГЦ','','2','','','','Лаборатория','',''),
(9,'2022-01-19 16:59:40.448','Лаборатория аналитического контроля АГЦ',NULL,'8203',NULL,'ЛАК АГЦ','','15','','','','Лаборатория','',''),
(10,'2022-01-19 16:59:40.448','Огнеупорный цех 1',NULL,'20',1,'ОГЦ','20','','','','20','Цех','',''),
(11,'2022-01-19 16:59:40.448','Цех холодного проката и покрытий',NULL,'13',1,'ЦХПП','13','','','','14','Цех','',''),
(12,'2022-01-19 16:59:40.448','Цех по переработке метал.шлаков',NULL,'28',1,'ЦПМШ','28','','','','28','Цех','',''),
(13,'2022-01-19 16:59:40.448','Ферросплавный цех',NULL,'4',1,'ФСЦ','4','','','','4','Цех','','');
INSERT INTO structure_company (id,ins_time,"name",upd_time,code,parent_id,short_name,source_transport_code,lab_code,source_axapta_code,source_up_agp_code,source_lab_code,structure_type,source_lifnr_code,inside_lode_code) VALUES
(14,'2022-01-19 16:59:40.448','Цех динамной стали',NULL,'15',1,'ЦДС','15','','','','16','Цех','',''),
(15,'2022-01-19 16:59:40.448','Конвертерный цех 1',NULL,'6',1,'КЦ-1','6','','','','6','Цех','',''),
(16,'2022-01-19 16:59:40.448','Конвертерный цех 2',NULL,'7',1,'КЦ-2','7','','','','7','Цех','',''),
(17,'2022-01-19 16:59:40.448','Цех изготовления брикетов',NULL,'337',1,'ЦИБ','337','','','','2511','Цех','',''),
(18,'2022-01-19 16:59:40.448','Цех горячего проката',NULL,'12',1,'ЦГП','12','','','','23','Цех','',''),
(19,'2022-01-19 16:59:40.448','Участок контроля качества АГЦ',NULL,'30',4,'УКК АГЦ','','','','','','Лаборатория','',''),
(20,'2022-01-19 16:59:40.448','ППЖТ (Барс)',NULL,'550',1,'ППЖТ (Барс)','550','','','','','Цех','','');

-----------------structure_company_material_resource-----------------------
INSERT INTO structure_company_material_resource (ins_time,upd_time,material_resource_id,structure_company_id) VALUES
('2022-01-19 16:59:40.448',NULL,1,11),
('2022-01-19 16:59:40.448',NULL,1,14),
('2022-01-19 16:59:40.448',NULL,2,12),
('2022-01-19 16:59:40.448',NULL,14,3),
('2022-01-19 16:59:40.448',NULL,14,2),
('2022-01-19 16:59:40.448',NULL,15,12),
('2022-01-19 16:59:40.448',NULL,16,12),
('2022-01-19 16:59:40.448',NULL,17,4),
('2022-01-19 16:59:40.448',NULL,18,3),
('2022-01-19 16:59:40.448',NULL,21,4);
INSERT INTO structure_company_material_resource (ins_time,upd_time,material_resource_id,structure_company_id) VALUES
('2022-01-19 16:59:40.448',NULL,22,4),
('2022-01-19 16:59:40.448',NULL,23,4),
('2022-01-19 16:59:40.448',NULL,24,3),
('2022-01-19 16:59:40.448',NULL,24,2),
('2022-01-19 16:59:40.448',NULL,26,12),
('2022-01-19 16:59:40.448',NULL,28,12),
('2022-01-19 16:59:40.448',NULL,29,12),
('2022-01-19 16:59:40.448',NULL,30,3),
('2022-01-19 16:59:40.448',NULL,31,17),
('2022-01-19 16:59:40.448',NULL,36,10);
INSERT INTO structure_company_material_resource (ins_time,upd_time,material_resource_id,structure_company_id) VALUES
('2022-01-19 16:59:40.448',NULL,39,10),
('2022-01-19 16:59:40.448',NULL,40,10),
('2022-01-19 16:59:40.448',NULL,41,16),
('2022-01-19 16:59:40.448',NULL,47,10),
('2022-01-19 16:59:40.448',NULL,48,12),
('2022-01-19 16:59:40.448',NULL,49,4),
('2022-01-19 16:59:40.448',NULL,50,4),
('2022-01-19 16:59:40.448',NULL,51,4),
('2022-01-19 16:59:40.448',NULL,52,6),
('2022-01-19 16:59:40.448',NULL,53,13);
INSERT INTO structure_company_material_resource (ins_time,upd_time,material_resource_id,structure_company_id) VALUES
('2022-01-19 16:59:40.448',NULL,54,6),
('2022-01-19 16:59:40.448',NULL,55,6),
('2022-01-19 16:59:40.448',NULL,57,4),
('2022-01-19 16:59:40.448',NULL,58,4),
('2022-01-19 16:59:40.448',NULL,59,3),
('2022-01-19 16:59:40.448',NULL,59,2),
('2022-01-19 16:59:40.448',NULL,60,4),
('2022-01-19 16:59:40.448',NULL,63,6),
('2022-01-19 16:59:40.448',NULL,68,12),
('2022-01-19 16:59:40.448',NULL,69,12);
INSERT INTO structure_company_material_resource (ins_time,upd_time,material_resource_id,structure_company_id) VALUES
('2022-01-19 16:59:40.448',NULL,70,12),
('2022-01-19 16:59:40.448',NULL,71,3),
('2022-01-19 16:59:40.448',NULL,71,2),
('2022-01-19 16:59:40.448',NULL,73,12),
('2022-01-19 16:59:40.448',NULL,74,12),
('2022-01-19 16:59:40.448',NULL,78,6),
('2022-01-19 16:59:40.448',NULL,81,12),
('2022-01-19 16:59:40.448',NULL,27,18),
('2022-01-19 16:59:40.448',NULL,89,2),
('2022-01-19 16:59:40.448',NULL,89,3);
INSERT INTO structure_company_material_resource (ins_time,upd_time,material_resource_id,structure_company_id) VALUES
('2022-01-19 16:59:40.448',NULL,90,10),
('2022-01-19 16:59:40.448',NULL,91,12),
('2022-01-19 16:59:40.448',NULL,91,18),
('2022-01-19 16:59:40.448',NULL,92,2),
('2022-01-19 16:59:40.448',NULL,92,3),
('2022-01-19 16:59:40.448',NULL,93,12),
('2022-01-19 16:59:40.448',NULL,93,15),
('2022-01-19 16:59:40.448',NULL,93,16),
('2022-01-19 16:59:40.448',NULL,82,4),
('2022-01-19 16:59:40.448',NULL,94,4);
INSERT INTO structure_company_material_resource (ins_time,upd_time,material_resource_id,structure_company_id) VALUES
('2022-01-19 16:59:40.448',NULL,97,4),
('2022-01-19 16:59:40.448',NULL,98,4),
('2022-01-19 16:59:40.448',NULL,99,4),
('2022-01-19 16:59:40.448',NULL,84,4),
('2022-01-19 16:59:40.448',NULL,86,4),
('2022-01-19 16:59:40.448',NULL,100,12),
('2022-01-19 16:59:40.448',NULL,95,20),
('2022-01-19 16:59:40.448',NULL,14,13),
('2022-01-19 16:59:40.448',NULL,25,20);

--------------path (в локалдной БД называется railway!!!)------------------------
INSERT INTO railway ("name",short_name,full_name,ins_time,upd_time,code,path_type,path_capacity,source_up_agp_code,park_id,source_transport_code,source_axapta_code,source_lab_code,source_lifnr_code,inside_lode_code) VALUES
('Путь 4','4А','Ст. Новолипецк, Парк А, Путь 4','2022-01-19 16:59:40.448',NULL,'111101','ACCUMULATOR_PATH',79,'1805041',1,NULL,NULL,NULL,NULL,NULL),
('Путь 5','5А','Ст. Новолипецк, Парк А, Путь 5','2022-01-19 16:59:40.448',NULL,'111102','ACCUMULATOR_PATH',71,'1805042',1,NULL,NULL,NULL,NULL,NULL),
('Путь 6','6А','Ст. Новолипецк, Парк А, Путь 6','2022-01-19 16:59:40.448',NULL,'111103','ACCUMULATOR_PATH',78,'1805043',1,NULL,NULL,NULL,NULL,NULL),
('Путь 7','7А','Ст. Новолипецк, Парк А, Путь 7','2022-01-19 16:59:40.448',NULL,'110104','ACCUMULATOR_PATH',83,'1805044',1,NULL,NULL,NULL,NULL,NULL),
('Путь 8','8А','Ст. Новолипецк, Парк А, Путь 8','2022-01-19 16:59:40.448',NULL,'111105','ACCUMULATOR_PATH',71,'1805045',1,NULL,NULL,NULL,NULL,NULL),
('Путь 9','9А','Ст. Новолипецк, Парк А, Путь 9','2022-01-19 16:59:40.448',NULL,'111106','ACCUMULATOR_PATH',71,'1805046',1,NULL,NULL,NULL,NULL,NULL),
('Путь 10','10А','Ст. Новолипецк, Парк А, Путь 10','2022-01-19 16:59:40.448',NULL,'111107','ACCUMULATOR_PATH',70,'1805047',1,NULL,NULL,NULL,NULL,NULL),
('Путь 20','20А','Ст. Новолипецк, Парк А, Путь 20','2022-01-19 16:59:40.448',NULL,'110110','ACCUMULATOR_PATH',34,'18050412',1,NULL,NULL,NULL,NULL,NULL),
('Путь 22','22А','Ст. Новолипецк, Парк А, Путь 22','2022-01-19 16:59:40.448',NULL,'111122','ACCUMULATOR_PATH',16,'18050413',1,NULL,NULL,NULL,NULL,NULL),
('Путь 23','23А','Ст. Новолипецк, Парк А, Путь 23','2022-01-19 16:59:40.448',NULL,'110113','ACCUMULATOR_PATH',16,'18050414',1,NULL,NULL,NULL,NULL,NULL);
INSERT INTO railway ("name",short_name,full_name,ins_time,upd_time,code,path_type,path_capacity,source_up_agp_code,park_id,source_transport_code,source_axapta_code,source_lab_code,source_lifnr_code,inside_lode_code) VALUES
('Путь 25','ГР1 1с','Ст. Новолипецк, Парк А, Путь 25','2022-01-19 16:59:40.448',NULL,'510215','DEFROST_GARAGE_PATH',28,'180505011',1,NULL,NULL,NULL,NULL,NULL),
('Путь 26','ГР1 2с','Ст. Новолипецк, Парк А, Путь 26','2022-01-19 16:59:40.448',NULL,'510218','DEFROST_GARAGE_PATH',28,'180505012',1,NULL,NULL,NULL,NULL,NULL),
('Путь 27','ГР1 3с','Ст. Новолипецк, Парк А, Путь 27','2022-01-19 16:59:40.448',NULL,'510217','DEFROST_GARAGE_PATH',27,'180505013',1,NULL,NULL,NULL,NULL,NULL),
('Путь 34','ГР2 1с','Ст. Новолипецк, Парк А, Путь 34','2022-01-19 16:59:40.448',NULL,'11118','DEFROST_GARAGE_PATH',21,'180505021',1,NULL,NULL,NULL,NULL,NULL),
('Путь 35','ГР2 2с','Ст. Новолипецк, Парк А, Путь 35','2022-01-19 16:59:40.448',NULL,'11119','DEFROST_GARAGE_PATH',21,'180505022',1,NULL,NULL,NULL,NULL,NULL),
('Путь 36','ГР2 3с','Ст. Новолипецк, Парк А, Путь 36','2022-01-19 16:59:40.448',NULL,'11120','DEFROST_GARAGE_PATH',25,'180505023',1,NULL,NULL,NULL,NULL,NULL),
('Путь 42','ГР3 1с','Ст. Новолипецк, Парк А, Путь 42','2022-01-19 16:59:40.448',NULL,'11121','DEFROST_GARAGE_PATH',32,'180505031',1,NULL,NULL,NULL,NULL,NULL),
('Путь 43','ГР3 2с','Ст. Новолипецк, Парк А, Путь 43','2022-01-19 16:59:40.448',NULL,'11122','DEFROST_GARAGE_PATH',32,'180505032',1,NULL,NULL,NULL,NULL,NULL),
('Путь 44','ГР3 3с','Ст. Новолипецк, Парк А, Путь 44','2022-01-19 16:59:40.448',NULL,'11123','DEFROST_GARAGE_PATH',37,'180505033',1,NULL,NULL,NULL,NULL,NULL),
('Путь 45','ГР3 4с','Ст. Новолипецк, Парк А, Путь 45','2022-01-19 16:59:40.448',NULL,'11124','DEFROST_GARAGE_PATH',35,'180505034',1,NULL,NULL,NULL,NULL,NULL);
INSERT INTO railway ("name",short_name,full_name,ins_time,upd_time,code,path_type,path_capacity,source_up_agp_code,park_id,source_transport_code,source_axapta_code,source_lab_code,source_lifnr_code,inside_lode_code) VALUES
('Путь 46','ГР3 5с','Ст. Новолипецк, Парк А, Путь 46','2022-01-19 16:59:40.448',NULL,'11125','DEFROST_GARAGE_PATH',35,'180505035',1,NULL,NULL,NULL,NULL,NULL),
('Путь 47','ГР3 6с','Ст. Новолипецк, Парк А, Путь 47','2022-01-19 16:59:40.448',NULL,'11126','DEFROST_GARAGE_PATH',22,'180505036',1,NULL,NULL,NULL,NULL,NULL),
('Путь 11','ВО-1 ОП','Ст. Новолипецк, Парк А, Путь 11','2022-01-19 16:59:40.448',NULL,'111111','CAR_DUMPER_PATH',29,'1805065',1,NULL,NULL,NULL,NULL,NULL),
('Путь 12','ВО-1 "Рыбка"','Ст. Новолипецк, Парк А, Путь 12','2022-01-19 16:59:40.448',NULL,'111128','CAR_DUMPER_PATH',29,'1805061',1,NULL,NULL,NULL,NULL,NULL),
('Путь 24','ВО-1 ОП','Ст. Новолипецк, Парк А, Путь 24','2022-01-19 16:59:40.448',NULL,'510213','ACCUMULATOR_FROM_CAR_DUMPER_PATH',40,'1805065',1,NULL,NULL,NULL,NULL,NULL),
('Путь 13','ВО-2 ОП','Ст. Новолипецк, Парк А, Путь 13','2022-01-19 16:59:40.448',NULL,'111113','CAR_DUMPER_PATH',27,'1805066',1,NULL,NULL,NULL,NULL,NULL),
('Путь 14','ВО-2 "Рыбка"','Ст. Новолипецк, Парк А, Путь 14','2022-01-19 16:59:40.448',NULL,'111129','CAR_DUMPER_PATH',27,'1805062',1,NULL,NULL,NULL,NULL,NULL),
('Путь 30','ВО-2 ОП','Ст. Новолипецк, Парк А, Путь 30','2022-01-19 16:59:40.448',NULL,'510214','ACCUMULATOR_FROM_CAR_DUMPER_PATH',38,'1805066',1,NULL,NULL,NULL,NULL,NULL),
('Путь 15','ВО-3 ОП','Ст. Новолипецк, Парк А, Путь 15','2022-01-19 16:59:40.448',NULL,'111115','CAR_DUMPER_PATH',20,'1805067',1,NULL,NULL,NULL,NULL,NULL),
('Путь 16','ВО-3 "Рыбка"','Ст. Новолипецк, Парк А, Путь 16','2022-01-19 16:59:40.448',NULL,'111116','CAR_DUMPER_PATH',20,'1805063',1,NULL,NULL,NULL,NULL,NULL);
INSERT INTO railway ("name",short_name,full_name,ins_time,upd_time,code,path_type,path_capacity,source_up_agp_code,park_id,source_transport_code,source_axapta_code,source_lab_code,source_lifnr_code,inside_lode_code) VALUES
('Путь 25а','ВО-3 ОП','Ст. Новолипецк, Парк А, Путь 25а','2022-01-19 16:59:40.448',NULL,'11109','ACCUMULATOR_FROM_CAR_DUMPER_PATH',26,'1805067',1,NULL,NULL,NULL,NULL,NULL),
('Путь 29','ВО-3 ОП','Ст. Новолипецк, Парк А, Путь 29','2022-01-19 16:59:40.448',NULL,'510216','ACCUMULATOR_FROM_CAR_DUMPER_PATH',29,'1805067',1,NULL,NULL,NULL,NULL,NULL),
('Путь 17','ВО-4 ОП','Ст. Новолипецк, Парк А, Путь 17','2022-01-19 16:59:40.448',NULL,'111117','CAR_DUMPER_PATH',19,'1805068',1,NULL,NULL,NULL,NULL,NULL),
('Путь 18','ВО-4 "Рыбка"','Ст. Новолипецк, Парк А, Путь 18','2022-01-19 16:59:40.448',NULL,'111118','CAR_DUMPER_PATH',19,'1805064',1,NULL,NULL,NULL,NULL,NULL),
('Путь 26а','ВО-4 ОП','Ст. Новолипецк, Парк А, Путь 26а','2022-01-19 16:59:40.448',NULL,'11111','ACCUMULATOR_FROM_CAR_DUMPER_PATH',22,'1805068',1,NULL,NULL,NULL,NULL,NULL),
('Путь 27а','ВО-4 ОП','Ст. Новолипецк, Парк А, Путь 27а','2022-01-19 16:59:40.448',NULL,'11113','ACCUMULATOR_FROM_CAR_DUMPER_PATH',22,'1805068',1,NULL,NULL,NULL,NULL,NULL),
('Путь 0','0Б','Ст. Новолипецк, Парк Б, Путь 0','2022-01-19 16:59:40.448',NULL,'110236','ACCUMULATOR_PATH',37,NULL,2,NULL,NULL,NULL,NULL,NULL),
('Путь 1','1Б','Ст. Новолипецк, Парк Б, Путь 1','2022-01-19 16:59:40.448',NULL,'110201','ACCUMULATOR_PATH',37,NULL,2,NULL,NULL,NULL,NULL,NULL),
('Путь 2','2Б','Ст. Новолипецк, Парк Б, Путь 2','2022-01-19 16:59:40.448',NULL,'110202','ACCUMULATOR_PATH',49,NULL,2,NULL,NULL,NULL,NULL,NULL),
('Путь 3','3Б','Ст. Новолипецк, Парк Б, Путь 3','2022-01-19 16:59:40.448',NULL,'110204','ACCUMULATOR_PATH',54,NULL,2,NULL,NULL,NULL,NULL,NULL);
INSERT INTO railway ("name",short_name,full_name,ins_time,upd_time,code,path_type,path_capacity,source_up_agp_code,park_id,source_transport_code,source_axapta_code,source_lab_code,source_lifnr_code,inside_lode_code) VALUES
('Путь 4','4Б','Ст. Новолипецк, Парк Б, Путь 4','2022-01-19 16:59:40.448',NULL,'110205','ACCUMULATOR_PATH',58,NULL,2,NULL,NULL,NULL,NULL,NULL),
('Путь 5','5Б','Ст. Новолипецк, Парк Б, Путь 5','2022-01-19 16:59:40.448',NULL,'110206','ACCUMULATOR_PATH',92,NULL,2,NULL,NULL,NULL,NULL,NULL),
('Путь 6','6Б','Ст. Новолипецк, Парк Б, Путь 6','2022-01-19 16:59:40.448',NULL,'110207','ACCUMULATOR_PATH',85,NULL,2,NULL,NULL,NULL,NULL,NULL),
('Путь 7','7Б','Ст. Новолипецк, Парк Б, Путь 7','2022-01-19 16:59:40.448',NULL,'110208','ACCUMULATOR_PATH',85,NULL,2,NULL,NULL,NULL,NULL,NULL),
('Путь 8','8Б','Ст. Новолипецк, Парк Б, Путь 8','2022-01-19 16:59:40.448',NULL,'110209','ACCUMULATOR_PATH',76,NULL,2,NULL,NULL,NULL,NULL,NULL),
('Путь 9','9Б','Ст. Новолипецк, Парк Б, Путь 9','2022-01-19 16:59:40.448',NULL,'110210','ACCUMULATOR_PATH',80,NULL,2,NULL,NULL,NULL,NULL,NULL),
('Путь 10','10Б','Ст. Новолипецк, Парк Б, Путь 10','2022-01-19 16:59:40.448',NULL,'110211','ACCUMULATOR_PATH',79,NULL,2,NULL,NULL,NULL,NULL,NULL),
('Путь 11','11Б','Ст. Новолипецк, Парк Б, Путь 11','2022-01-19 16:59:40.448',NULL,'110212','ACCUMULATOR_PATH',76,NULL,2,NULL,NULL,NULL,NULL,NULL),
('Путь 12','12Б','Ст. Новолипецк, Парк Б, Путь 12','2022-01-19 16:59:40.448',NULL,'110213','ACCUMULATOR_PATH',77,NULL,2,NULL,NULL,NULL,NULL,NULL),
('Путь 13','13Б','Ст. Новолипецк, Парк Б, Путь 13','2022-01-19 16:59:40.448',NULL,'110214','ACCUMULATOR_PATH',81,NULL,2,NULL,NULL,NULL,NULL,NULL);
INSERT INTO railway ("name",short_name,full_name,ins_time,upd_time,code,path_type,path_capacity,source_up_agp_code,park_id,source_transport_code,source_axapta_code,source_lab_code,source_lifnr_code,inside_lode_code) VALUES
('Путь 14','14Б','Ст. Новолипецк, Парк Б, Путь 14','2022-01-19 16:59:40.448',NULL,'110215','ACCUMULATOR_PATH',81,NULL,2,NULL,NULL,NULL,NULL,NULL),
('Путь 15','15Б','Ст. Новолипецк, Парк Б, Путь 15','2022-01-19 16:59:40.448',NULL,'110216','ACCUMULATOR_PATH',78,NULL,2,NULL,NULL,NULL,NULL,NULL),
('Путь 16','16Б','Ст. Новолипецк, Парк Б, Путь 16','2022-01-19 16:59:40.448',NULL,'110217','ACCUMULATOR_PATH',84,NULL,2,NULL,NULL,NULL,NULL,NULL),
('Путь 17','17Б','Ст. Новолипецк, Парк Б, Путь 17','2022-01-19 16:59:40.448',NULL,'110218','ACCUMULATOR_PATH',86,NULL,2,NULL,NULL,NULL,NULL,NULL),
('Путь 18','18Б','Ст. Новолипецк, Парк Б, Путь 18','2022-01-19 16:59:40.448',NULL,'110219','ACCUMULATOR_PATH',87,NULL,2,NULL,NULL,NULL,NULL,NULL),
('Путь 19','19Б','Ст. Новолипецк, Парк Б, Путь 19','2022-01-19 16:59:40.448',NULL,'110220','ACCUMULATOR_PATH',87,NULL,2,NULL,NULL,NULL,NULL,NULL),
('Путь 20','20Б','Ст. Новолипецк, Парк Б, Путь 20','2022-01-19 16:59:40.448',NULL,'110221','ACCUMULATOR_PATH',90,NULL,2,NULL,NULL,NULL,NULL,NULL),
('Путь 21','21Б','Ст. Новолипецк, Парк Б, Путь 21','2022-01-19 16:59:40.448',NULL,'110222','ACCUMULATOR_PATH',89,NULL,2,NULL,NULL,NULL,NULL,NULL),
('Путь 22','22Б','Ст. Новолипецк, Парк Б, Путь 22','2022-01-19 16:59:40.448',NULL,'110223','ACCUMULATOR_PATH',89,NULL,2,NULL,NULL,NULL,NULL,NULL),
('Путь 23','23Б','Ст. Новолипецк, Парк Б, Путь 23','2022-01-19 16:59:40.448',NULL,'110224','ACCUMULATOR_PATH',82,NULL,2,NULL,NULL,NULL,NULL,NULL);
INSERT INTO railway ("name",short_name,full_name,ins_time,upd_time,code,path_type,path_capacity,source_up_agp_code,park_id,source_transport_code,source_axapta_code,source_lab_code,source_lifnr_code,inside_lode_code) VALUES
('Путь 24','24Б','Ст. Новолипецк, Парк Б, Путь 24','2022-01-19 16:59:40.448',NULL,'110225','ACCUMULATOR_PATH',82,NULL,2,NULL,NULL,NULL,NULL,NULL),
('Путь 1','1В','Ст. Новолипецк, Парк В, Путь 1','2022-01-19 16:59:40.448',NULL,'110301','ACCUMULATOR_PATH',65,NULL,3,NULL,NULL,NULL,NULL,NULL),
('Путь 2','2В','Ст. Новолипецк, Парк В, Путь 2','2022-01-19 16:59:40.448',NULL,'110302','ACCUMULATOR_PATH',68,NULL,3,NULL,NULL,NULL,NULL,NULL),
('Путь 3','3В','Ст. Новолипецк, Парк В, Путь 3','2022-01-19 16:59:40.448',NULL,'110303','ACCUMULATOR_PATH',71,NULL,3,NULL,NULL,NULL,NULL,NULL),
('Путь 4','4В','Ст. Новолипецк, Парк В, Путь 4','2022-01-19 16:59:40.448',NULL,'110304','ACCUMULATOR_PATH',72,NULL,3,NULL,NULL,NULL,NULL,NULL),
('Путь 5','5В','Ст. Новолипецк, Парк В, Путь 5','2022-01-19 16:59:40.448',NULL,'110305','ACCUMULATOR_PATH',74,NULL,3,NULL,NULL,NULL,NULL,NULL),
('Путь 6','6В','Ст. Новолипецк, Парк В, Путь 6','2022-01-19 16:59:40.448',NULL,'110306','ACCUMULATOR_PATH',73,NULL,3,NULL,NULL,NULL,NULL,NULL),
('Путь 7','7В','Ст. Новолипецк, Парк В, Путь 7','2022-01-19 16:59:40.448',NULL,'110307','ACCUMULATOR_PATH',70,NULL,3,NULL,NULL,NULL,NULL,NULL),
('Путь 8','8В','Ст. Новолипецк, Парк В, Путь 8','2022-01-19 16:59:40.448',NULL,'110308','ACCUMULATOR_PATH',68,NULL,3,NULL,NULL,NULL,NULL,NULL),
('Путь 9','9В','Ст. Новолипецк, Парк В, Путь 9','2022-01-19 16:59:40.448',NULL,'510301','ACCUMULATOR_PATH',66,NULL,3,NULL,NULL,NULL,NULL,NULL);
INSERT INTO railway ("name",short_name,full_name,ins_time,upd_time,code,path_type,path_capacity,source_up_agp_code,park_id,source_transport_code,source_axapta_code,source_lab_code,source_lifnr_code,inside_lode_code) VALUES
('Путь 10','10В','Ст. Новолипецк, Парк В, Путь 10','2022-01-19 16:59:40.448',NULL,'510302','ACCUMULATOR_PATH',67,NULL,3,NULL,NULL,NULL,NULL,NULL),
('Путь 1','1Г','Ст. Новолипецк, Парк Г, Путь 1','2022-01-19 16:59:40.448',NULL,'110401','ACCUMULATOR_PATH',40,NULL,4,NULL,NULL,NULL,NULL,NULL),
('Путь 2','2Г','Ст. Новолипецк, Парк Г, Путь 2','2022-01-19 16:59:40.448',NULL,'110402','ACCUMULATOR_PATH',42,NULL,4,NULL,NULL,NULL,NULL,NULL),
('Путь 3','3Г','Ст. Новолипецк, Парк Г, Путь 3','2022-01-19 16:59:40.448',NULL,'110403','ACCUMULATOR_PATH',50,'1805048',4,NULL,NULL,NULL,NULL,NULL),
('Путь 4','4Г','Ст. Новолипецк, Парк Г, Путь 4','2022-01-19 16:59:40.448',NULL,'110404','ACCUMULATOR_PATH',57,'1805049',4,NULL,NULL,NULL,NULL,NULL),
('Путь 5','5Г','Ст. Новолипецк, Парк Г, Путь 5','2022-01-19 16:59:40.448',NULL,'110405','ACCUMULATOR_PATH',54,'18050410',4,NULL,NULL,NULL,NULL,NULL),
('Путь 6','6Г','Ст. Новолипецк, Парк Г, Путь 6','2022-01-19 16:59:40.448',NULL,'110406','ACCUMULATOR_PATH',56,'18050411',4,NULL,NULL,NULL,NULL,NULL),
('Путь 7','7Г','Ст. Новолипецк, Парк Г, Путь 7','2022-01-19 16:59:40.448',NULL,'110407','ACCUMULATOR_PATH',53,NULL,4,NULL,NULL,NULL,NULL,NULL),
('Путь 8','8Г','Ст. Новолипецк, Парк Г, Путь 8','2022-01-19 16:59:40.448',NULL,'110408','ACCUMULATOR_PATH',68,NULL,4,NULL,NULL,NULL,NULL,NULL),
('Путь 9','9Г','Ст. Новолипецк, Парк Г, Путь 9','2022-01-19 16:59:40.448',NULL,'110409','ACCUMULATOR_PATH',56,NULL,4,NULL,NULL,NULL,NULL,NULL);
INSERT INTO railway ("name",short_name,full_name,ins_time,upd_time,code,path_type,path_capacity,source_up_agp_code,park_id,source_transport_code,source_axapta_code,source_lab_code,source_lifnr_code,inside_lode_code) VALUES
('Путь 10','10Г','Ст. Новолипецк, Парк Г, Путь 10','2022-01-19 16:59:40.448',NULL,'110410','ACCUMULATOR_PATH',52,NULL,4,NULL,NULL,NULL,NULL,NULL),
('Путь 11','11Г','Ст. Новолипецк, Парк Г, Путь 11','2022-01-19 16:59:40.448',NULL,'110411','ACCUMULATOR_PATH',59,NULL,4,NULL,NULL,NULL,NULL,NULL),
('Путь 12','12Г','Ст. Новолипецк, Парк Г, Путь 12','2022-01-19 16:59:40.448',NULL,'110412','ACCUMULATOR_PATH',60,NULL,4,NULL,NULL,NULL,NULL,NULL),
('Путь 13','13Г','Ст. Новолипецк, Парк Г, Путь 13','2022-01-19 16:59:40.448',NULL,'110413','ACCUMULATOR_PATH',63,NULL,4,NULL,NULL,NULL,NULL,NULL),
('Путь 1','1Д','Ст. Новолипецк, Парк Д, Путь 1','2022-01-19 16:59:40.448',NULL,'11081','ACCUMULATOR_PATH',13,NULL,5,NULL,NULL,NULL,NULL,NULL),
('Путь 2','2Д','Ст. Новолипецк, Парк Д, Путь 2','2022-01-19 16:59:40.448',NULL,'11082','ACCUMULATOR_PATH',13,NULL,5,NULL,NULL,NULL,NULL,NULL),
('Путь 3т','3Т','Ст. Новолипецк, Парк Д, Путь 3т','2022-01-19 16:59:40.448',NULL,'11083','ACCUMULATOR_PATH',2,NULL,5,NULL,NULL,NULL,NULL,NULL),
('Путь 13','13Е','Ст. Новолипецк, Парк Е, Путь 13','2022-01-19 16:59:40.448',NULL,'518745','ACCUMULATOR_PATH',86,NULL,6,NULL,NULL,NULL,NULL,NULL),
('Путь 1П','1П','Ст. Агломератная, Парк ПО, Путь 1П','2022-01-19 16:59:40.448',NULL,'30201','ACCUMULATOR_PATH',NULL,NULL,8,NULL,NULL,NULL,NULL,NULL),
('Путь 2П','2П','Ст. Агломератная, Парк ПО, Путь 2П','2022-01-19 16:59:40.448',NULL,'30202','ACCUMULATOR_PATH',NULL,NULL,8,NULL,NULL,NULL,NULL,NULL);
INSERT INTO railway ("name",short_name,full_name,ins_time,upd_time,code,path_type,path_capacity,source_up_agp_code,park_id,source_transport_code,source_axapta_code,source_lab_code,source_lifnr_code,inside_lode_code) VALUES
('Путь 3П','3П','Ст. Агломератная, Парк ПО, Путь 3П','2022-01-19 16:59:40.448',NULL,'30203','ACCUMULATOR_PATH',NULL,NULL,8,NULL,NULL,NULL,NULL,NULL),
('Путь 4П','4П','Ст. Агломератная, Парк ПО, Путь 4П','2022-01-19 16:59:40.448',NULL,'30204','ACCUMULATOR_PATH',NULL,NULL,8,NULL,NULL,NULL,NULL,NULL),
('Путь 5П','5П','Ст. Агломератная, Парк ПО, Путь 5П','2022-01-19 16:59:40.448',NULL,'30205','ACCUMULATOR_PATH',NULL,NULL,8,NULL,NULL,NULL,NULL,NULL),
('Путь 7','7','Ст. Агломератная, Парк ПО, Путь 7','2022-01-19 16:59:40.448',NULL,'30206','ACCUMULATOR_PATH',NULL,NULL,8,NULL,NULL,NULL,NULL,NULL),
('Путь 8','8','Ст. Агломератная, Парк ПО, Путь 8','2022-01-19 16:59:40.448',NULL,'30207','ACCUMULATOR_PATH',NULL,NULL,8,NULL,NULL,NULL,NULL,NULL),
('Путь 9','9','Ст. Агломератная, Парк ПО, Путь 9','2022-01-19 16:59:40.448',NULL,'30208','ACCUMULATOR_PATH',NULL,NULL,8,NULL,NULL,NULL,NULL,NULL),
('Путь 12','12','Ст. Агломератная, Парк ПО, Путь 12','2022-01-19 16:59:40.448',NULL,'30209','ACCUMULATOR_PATH',NULL,NULL,8,NULL,NULL,NULL,NULL,NULL),
('Путь 13','13','Ст. Агломератная, Парк ПО, Путь 13','2022-01-19 16:59:40.448',NULL,'30210','ACCUMULATOR_PATH',NULL,NULL,8,NULL,NULL,NULL,NULL,NULL),
('Путь 14П','14П','Ст. Агломератная, Парк ПО, Путь 14П','2022-01-19 16:59:40.448',NULL,'30211','ACCUMULATOR_PATH',NULL,NULL,8,NULL,NULL,NULL,NULL,NULL),
('Путь 15','15','Ст. Агломератная, Парк ПО, Путь 15','2022-01-19 16:59:40.448',NULL,'30212','ACCUMULATOR_PATH',NULL,NULL,8,NULL,NULL,NULL,NULL,NULL);
INSERT INTO railway ("name",short_name,full_name,ins_time,upd_time,code,path_type,path_capacity,source_up_agp_code,park_id,source_transport_code,source_axapta_code,source_lab_code,source_lifnr_code,inside_lode_code) VALUES
('Путь 16','16','Ст. Агломератная, Парк ПО, Путь 16','2022-01-19 16:59:40.448',NULL,'30213','ACCUMULATOR_PATH',NULL,NULL,8,NULL,NULL,NULL,NULL,NULL),
('Путь 17','17','Ст. Агломератная, Парк ПО, Путь 17','2022-01-19 16:59:40.448',NULL,'30214','ACCUMULATOR_PATH',NULL,NULL,8,NULL,NULL,NULL,NULL,NULL),
('Путь 18','18','Ст. Агломератная, Парк ПО, Путь 18','2022-01-19 16:59:40.448',NULL,'30215','ACCUMULATOR_PATH',NULL,NULL,8,NULL,NULL,NULL,NULL,NULL),
('Путь 8П','8П','Ст. Агломератная, Парк ПО, Путь 8П','2022-01-19 16:59:40.448',NULL,'30216','ACCUMULATOR_PATH',NULL,NULL,8,NULL,NULL,NULL,NULL,NULL),
('Путь 31П','31П','Ст. Агломератная, Парк ПО, Путь 31П','2022-01-19 16:59:40.448',NULL,'30217','ACCUMULATOR_PATH',NULL,NULL,8,NULL,NULL,NULL,NULL,NULL),
('Путь 21П','21П','Ст. Агломератная, Парк ПО, Путь 21П','2022-01-19 16:59:40.448',NULL,'30218','ACCUMULATOR_PATH',NULL,NULL,8,NULL,NULL,NULL,NULL,NULL),
('Путь 35П','35П','Ст. Агломератная, Парк ПО, Путь 35П','2022-01-19 16:59:40.448',NULL,'30219','ACCUMULATOR_PATH',NULL,NULL,8,NULL,NULL,NULL,NULL,NULL),
('Путь 33П','33П','Ст. Агломератная, Парк ПО, Путь 33П','2022-01-19 16:59:40.448',NULL,'30220','ACCUMULATOR_PATH',NULL,NULL,8,NULL,NULL,NULL,NULL,NULL),
('Путь 25П','25П','Ст. Агломератная, Парк ПО, Путь 25П','2022-01-19 16:59:40.448',NULL,'30221','ACCUMULATOR_PATH',NULL,NULL,8,NULL,NULL,NULL,NULL,NULL),
('Путь 26П','26П','Ст. Агломератная, Парк ПО, Путь 26П','2022-01-19 16:59:40.448',NULL,'30222','ACCUMULATOR_PATH',NULL,NULL,8,NULL,NULL,NULL,NULL,NULL);
INSERT INTO railway ("name",short_name,full_name,ins_time,upd_time,code,path_type,path_capacity,source_up_agp_code,park_id,source_transport_code,source_axapta_code,source_lab_code,source_lifnr_code,inside_lode_code) VALUES
('Путь 27П','27П','Ст. Агломератная, Парк ПО, Путь 27П','2022-01-19 16:59:40.448',NULL,'30223','ACCUMULATOR_PATH',NULL,NULL,8,NULL,NULL,NULL,NULL,NULL),
('Путь 28П','28П','Ст. Агломератная, Парк ПО, Путь 28П','2022-01-19 16:59:40.448',NULL,'30224','ACCUMULATOR_PATH',NULL,NULL,8,NULL,NULL,NULL,NULL,NULL),
('Путь 29П','29П','Ст. Агломератная, Парк ПО, Путь 29П','2022-01-19 16:59:40.448',NULL,'30225','ACCUMULATOR_PATH',NULL,NULL,8,NULL,NULL,NULL,NULL,NULL),
('Путь 20П','20П','Ст. Агломератная, Парк ПО, Путь 20П','2022-01-19 16:59:40.448',NULL,'510439','ACCUMULATOR_PATH',NULL,NULL,8,NULL,NULL,NULL,NULL,NULL),
('Путь 48','48А','Ст. Новолипецк, Парк А, Путь 48','2022-01-19 16:59:40.448',NULL,'111130','ACCUMULATOR_PATH',33,NULL,1,NULL,NULL,NULL,NULL,NULL);
